run,group,trainset_key,seed,target_steps,benchmark,sr,sg,d4,d5,d6,d7,d8,checkpoint
dataset_masa_only_seed321_t480k,dataset,masa_only,321,480000,masa_aerial,0.416,2.096,0.26,0.28,0.42,0.56,0.56,/root/geoexplorer/results/checkpoint/appendix_compare_20260519/anchor0624_dataset_param_appendix/dataset_masa_only_seed321_t480k/geoexplorer.pt
dataset_masa_only_seed321_t480k,dataset,masa_only,321,480000,mmgag_aerial,0.43319148936170215,2.0859574468085107,0.3446808510638298,0.3872340425531915,0.48936170212765956,0.4851063829787234,0.4595744680851064,/root/geoexplorer/results/checkpoint/appendix_compare_20260519/anchor0624_dataset_param_appendix/dataset_masa_only_seed321_t480k/geoexplorer.pt
dataset_masa_only_seed321_t480k,dataset,masa_only,321,480000,mmgag_ground,0.4425531914893617,2.04,0.33191489361702126,0.40425531914893614,0.5574468085106383,0.502127659574468,0.41702127659574467,/root/geoexplorer/results/checkpoint/appendix_compare_20260519/anchor0624_dataset_param_appendix/dataset_masa_only_seed321_t480k/geoexplorer.pt
dataset_masa_only_seed321_t480k,dataset,masa_only,321,480000,mmgag_text,0.41617021276595745,2.126808510638298,0.3446808510638298,0.4297872340425532,0.4297872340425532,0.4851063829787234,0.39148936170212767,/root/geoexplorer/results/checkpoint/appendix_compare_20260519/anchor0624_dataset_param_appendix/dataset_masa_only_seed321_t480k/geoexplorer.pt
dataset_masa_only_seed321_t480k,dataset,masa_only,321,480000,swissview100_aerial,0.3864,2.4388,0.414,0.426,0.488,0.408,0.196,/root/geoexplorer/results/checkpoint/appendix_compare_20260519/anchor0624_dataset_param_appendix/dataset_masa_only_seed321_t480k/geoexplorer.pt
dataset_masa_only_seed321_t480k,dataset,masa_only,321,480000,swissviewmonuments_aerial,0.43137254901960786,1.991372549019608,0.37333333333333335,0.43333333333333335,0.5266666666666666,0.46111111111111114,0.21666666666666667,/root/geoexplorer/results/checkpoint/appendix_compare_20260519/anchor0624_dataset_param_appendix/dataset_masa_only_seed321_t480k/geoexplorer.pt
dataset_masa_only_seed321_t480k,dataset,masa_only,321,480000,swissviewmonuments_ground,0.45647058823529413,1.8650980392156862,0.37333333333333335,0.44166666666666665,0.5533333333333333,0.5388888888888889,0.3333333333333333,/root/geoexplorer/results/checkpoint/appendix_compare_20260519/anchor0624_dataset_param_appendix/dataset_masa_only_seed321_t480k/geoexplorer.pt
dataset_masa_only_seed321_t480k,dataset,masa_only,321,480000,xbd_pre_aerial,0.41125,2.18845,0.346,0.406,0.483,0.46975,0.3515,/root/geoexplorer/results/checkpoint/appendix_compare_20260519/anchor0624_dataset_param_appendix/dataset_masa_only_seed321_t480k/geoexplorer.pt
dataset_masa_only_seed321_t480k,dataset,masa_only,321,480000,xbd_disaster_aerial,0.414,2.16995,0.36425,0.4065,0.469,0.47475,0.3555,/root/geoexplorer/results/checkpoint/appendix_compare_20260519/anchor0624_dataset_param_appendix/dataset_masa_only_seed321_t480k/geoexplorer.pt
dataset_mmgag_only_seed321_t480k,dataset,mmgag_only,321,480000,masa_aerial,0.464,1.796,0.38,0.44,0.4,0.5,0.6,/root/geoexplorer/results/checkpoint/appendix_compare_20260519/anchor0624_dataset_param_appendix/dataset_mmgag_only_seed321_t480k/geoexplorer.pt
dataset_mmgag_only_seed321_t480k,dataset,mmgag_only,321,480000,mmgag_aerial,0.4672340425531915,1.8740425531914893,0.34893617021276596,0.4085106382978723,0.49361702127659574,0.5617021276595745,0.5234042553191489,/root/geoexplorer/results/checkpoint/appendix_compare_20260519/anchor0624_dataset_param_appendix/dataset_mmgag_only_seed321_t480k/geoexplorer.pt
dataset_mmgag_only_seed321_t480k,dataset,mmgag_only,321,480000,mmgag_ground,0.4493617021276596,1.9736170212765958,0.2936170212765957,0.425531914893617,0.49361702127659574,0.5659574468085107,0.46808510638297873,/root/geoexplorer/results/checkpoint/appendix_compare_20260519/anchor0624_dataset_param_appendix/dataset_mmgag_only_seed321_t480k/geoexplorer.pt
dataset_mmgag_only_seed321_t480k,dataset,mmgag_only,321,480000,mmgag_text,0.4425531914893617,1.9863829787234042,0.2851063829787234,0.4297872340425532,0.4851063829787234,0.5234042553191489,0.48936170212765956,/root/geoexplorer/results/checkpoint/appendix_compare_20260519/anchor0624_dataset_param_appendix/dataset_mmgag_only_seed321_t480k/geoexplorer.pt
dataset_mmgag_only_seed321_t480k,dataset,mmgag_only,321,480000,swissview100_aerial,0.3872,2.342,0.416,0.4,0.476,0.402,0.242,/root/geoexplorer/results/checkpoint/appendix_compare_20260519/anchor0624_dataset_param_appendix/dataset_mmgag_only_seed321_t480k/geoexplorer.pt
dataset_mmgag_only_seed321_t480k,dataset,mmgag_only,321,480000,swissviewmonuments_aerial,0.42196078431372547,2.0509803921568626,0.36,0.425,0.4866666666666667,0.45555555555555555,0.36666666666666664,/root/geoexplorer/results/checkpoint/appendix_compare_20260519/anchor0624_dataset_param_appendix/dataset_mmgag_only_seed321_t480k/geoexplorer.pt
dataset_mmgag_only_seed321_t480k,dataset,mmgag_only,321,480000,swissviewmonuments_ground,0.4243137254901961,2.025098039215686,0.3546666666666667,0.44722222222222224,0.4866666666666667,0.45,0.3333333333333333,/root/geoexplorer/results/checkpoint/appendix_compare_20260519/anchor0624_dataset_param_appendix/dataset_mmgag_only_seed321_t480k/geoexplorer.pt
dataset_mmgag_only_seed321_t480k,dataset,mmgag_only,321,480000,xbd_pre_aerial,0.40645,2.14185,0.31725,0.37575,0.468,0.476,0.39525,/root/geoexplorer/results/checkpoint/appendix_compare_20260519/anchor0624_dataset_param_appendix/dataset_mmgag_only_seed321_t480k/geoexplorer.pt
dataset_mmgag_only_seed321_t480k,dataset,mmgag_only,321,480000,xbd_disaster_aerial,0.4326,2.03345,0.334,0.3935,0.47925,0.50025,0.456,/root/geoexplorer/results/checkpoint/appendix_compare_20260519/anchor0624_dataset_param_appendix/dataset_mmgag_only_seed321_t480k/geoexplorer.pt
dataset_swissview_only_seed321_t480k,dataset,swissview_only,321,480000,masa_aerial,0.392,2.428,0.24,0.36,0.48,0.42,0.46,/root/geoexplorer/results/checkpoint/appendix_compare_20260519/anchor0624_dataset_param_appendix/dataset_swissview_only_seed321_t480k/geoexplorer.pt
dataset_swissview_only_seed321_t480k,dataset,swissview_only,321,480000,mmgag_aerial,0.425531914893617,2.333617021276596,0.33191489361702126,0.3574468085106383,0.44680851063829785,0.5106382978723404,0.4808510638297872,/root/geoexplorer/results/checkpoint/appendix_compare_20260519/anchor0624_dataset_param_appendix/dataset_swissview_only_seed321_t480k/geoexplorer.pt
dataset_swissview_only_seed321_t480k,dataset,swissview_only,321,480000,mmgag_ground,0.4425531914893617,2.34468085106383,0.33191489361702126,0.39148936170212767,0.5063829787234042,0.5404255319148936,0.4425531914893617,/root/geoexplorer/results/checkpoint/appendix_compare_20260519/anchor0624_dataset_param_appendix/dataset_swissview_only_seed321_t480k/geoexplorer.pt
dataset_swissview_only_seed321_t480k,dataset,swissview_only,321,480000,mmgag_text,0.4204255319148936,2.3395744680851065,0.3702127659574468,0.35319148936170214,0.4978723404255319,0.425531914893617,0.4553191489361702,/root/geoexplorer/results/checkpoint/appendix_compare_20260519/anchor0624_dataset_param_appendix/dataset_swissview_only_seed321_t480k/geoexplorer.pt
dataset_swissview_only_seed321_t480k,dataset,swissview_only,321,480000,swissview100_aerial,0.718,0.9684,0.48,0.566,0.77,0.892,0.882,/root/geoexplorer/results/checkpoint/appendix_compare_20260519/anchor0624_dataset_param_appendix/dataset_swissview_only_seed321_t480k/geoexplorer.pt
dataset_swissview_only_seed321_t480k,dataset,swissview_only,321,480000,swissviewmonuments_aerial,0.39450980392156865,2.3027450980392157,0.30666666666666664,0.31666666666666665,0.49,0.5333333333333333,0.5166666666666667,/root/geoexplorer/results/checkpoint/appendix_compare_20260519/anchor0624_dataset_param_appendix/dataset_swissview_only_seed321_t480k/geoexplorer.pt
dataset_swissview_only_seed321_t480k,dataset,swissview_only,321,480000,swissviewmonuments_ground,0.4235294117647059,2.151372549019608,0.33866666666666667,0.35555555555555557,0.5233333333333333,0.5277777777777778,0.55,/root/geoexplorer/results/checkpoint/appendix_compare_20260519/anchor0624_dataset_param_appendix/dataset_swissview_only_seed321_t480k/geoexplorer.pt
dataset_swissview_only_seed321_t480k,dataset,swissview_only,321,480000,xbd_pre_aerial,0.47045,2.13785,0.3395,0.3825,0.51075,0.58025,0.53925,/root/geoexplorer/results/checkpoint/appendix_compare_20260519/anchor0624_dataset_param_appendix/dataset_swissview_only_seed321_t480k/geoexplorer.pt
dataset_swissview_only_seed321_t480k,dataset,swissview_only,321,480000,xbd_disaster_aerial,0.4475,2.2279,0.318,0.37325,0.489,0.55825,0.499,/root/geoexplorer/results/checkpoint/appendix_compare_20260519/anchor0624_dataset_param_appendix/dataset_swissview_only_seed321_t480k/geoexplorer.pt
dataset_masa_plus_mmgag_seed321_t480k,dataset,masa_plus_mmgag,321,480000,masa_aerial,0.62,1.16,0.32,0.38,0.6,0.9,0.9,/root/geoexplorer/results/checkpoint/appendix_compare_20260519/anchor0624_dataset_param_appendix/dataset_masa_plus_mmgag_seed321_t480k/geoexplorer.pt
dataset_masa_plus_mmgag_seed321_t480k,dataset,masa_plus_mmgag,321,480000,mmgag_aerial,0.6127659574468085,1.142127659574468,0.2723404255319149,0.3829787234042553,0.625531914893617,0.8425531914893617,0.9404255319148936,/root/geoexplorer/results/checkpoint/appendix_compare_20260519/anchor0624_dataset_param_appendix/dataset_masa_plus_mmgag_seed321_t480k/geoexplorer.pt
dataset_masa_plus_mmgag_seed321_t480k,dataset,masa_plus_mmgag,321,480000,mmgag_ground,0.6102127659574468,1.1548936170212767,0.28085106382978725,0.3702127659574468,0.6297872340425532,0.8425531914893617,0.9276595744680851,/root/geoexplorer/results/checkpoint/appendix_compare_20260519/anchor0624_dataset_param_appendix/dataset_masa_plus_mmgag_seed321_t480k/geoexplorer.pt
dataset_masa_plus_mmgag_seed321_t480k,dataset,masa_plus_mmgag,321,480000,mmgag_text,0.6051063829787234,1.1727659574468086,0.26382978723404255,0.3829787234042553,0.6085106382978723,0.8425531914893617,0.9276595744680851,/root/geoexplorer/results/checkpoint/appendix_compare_20260519/anchor0624_dataset_param_appendix/dataset_masa_plus_mmgag_seed321_t480k/geoexplorer.pt
dataset_masa_plus_mmgag_seed321_t480k,dataset,masa_plus_mmgag,321,480000,swissview100_aerial,0.572,1.3388,0.286,0.382,0.576,0.8,0.816,/root/geoexplorer/results/checkpoint/appendix_compare_20260519/anchor0624_dataset_param_appendix/dataset_masa_plus_mmgag_seed321_t480k/geoexplorer.pt
dataset_masa_plus_mmgag_seed321_t480k,dataset,masa_plus_mmgag,321,480000,swissviewmonuments_aerial,0.5058823529411764,1.5129411764705882,0.2986666666666667,0.41944444444444445,0.6233333333333333,0.8,0.85,/root/geoexplorer/results/checkpoint/appendix_compare_20260519/anchor0624_dataset_param_appendix/dataset_masa_plus_mmgag_seed321_t480k/geoexplorer.pt
dataset_masa_plus_mmgag_seed321_t480k,dataset,masa_plus_mmgag,321,480000,swissviewmonuments_ground,0.4996078431372549,1.528627450980392,0.31733333333333336,0.4,0.61,0.7722222222222223,0.8666666666666667,/root/geoexplorer/results/checkpoint/appendix_compare_20260519/anchor0624_dataset_param_appendix/dataset_masa_plus_mmgag_seed321_t480k/geoexplorer.pt
dataset_masa_plus_mmgag_seed321_t480k,dataset,masa_plus_mmgag,321,480000,xbd_pre_aerial,0.58,1.3056,0.2815,0.3765,0.59475,0.801,0.84625,/root/geoexplorer/results/checkpoint/appendix_compare_20260519/anchor0624_dataset_param_appendix/dataset_masa_plus_mmgag_seed321_t480k/geoexplorer.pt
dataset_masa_plus_mmgag_seed321_t480k,dataset,masa_plus_mmgag,321,480000,xbd_disaster_aerial,0.5833,1.2809,0.28325,0.38925,0.61125,0.79475,0.838,/root/geoexplorer/results/checkpoint/appendix_compare_20260519/anchor0624_dataset_param_appendix/dataset_masa_plus_mmgag_seed321_t480k/geoexplorer.pt
dataset_masa_plus_swissview_seed321_t480k,dataset,masa_plus_swissview,321,480000,masa_aerial,0.584,1.256,0.44,0.36,0.62,0.8,0.7,/root/geoexplorer/results/checkpoint/appendix_compare_20260519/anchor0624_dataset_param_appendix/dataset_masa_plus_swissview_seed321_t480k/geoexplorer.pt
dataset_masa_plus_swissview_seed321_t480k,dataset,masa_plus_swissview,321,480000,mmgag_aerial,0.531063829787234,1.5438297872340425,0.3148936170212766,0.3574468085106383,0.5617021276595745,0.723404255319149,0.6978723404255319,/root/geoexplorer/results/checkpoint/appendix_compare_20260519/anchor0624_dataset_param_appendix/dataset_masa_plus_swissview_seed321_t480k/geoexplorer.pt
dataset_masa_plus_swissview_seed321_t480k,dataset,masa_plus_swissview,321,480000,mmgag_ground,0.5268085106382979,1.509787234042553,0.2680851063829787,0.34893617021276596,0.6,0.7063829787234043,0.7106382978723405,/root/geoexplorer/results/checkpoint/appendix_compare_20260519/anchor0624_dataset_param_appendix/dataset_masa_plus_swissview_seed321_t480k/geoexplorer.pt
dataset_masa_plus_swissview_seed321_t480k,dataset,masa_plus_swissview,321,480000,mmgag_text,0.5029787234042553,1.592340425531915,0.28085106382978725,0.37446808510638296,0.5574468085106383,0.625531914893617,0.676595744680851,/root/geoexplorer/results/checkpoint/appendix_compare_20260519/anchor0624_dataset_param_appendix/dataset_masa_plus_swissview_seed321_t480k/geoexplorer.pt
dataset_masa_plus_swissview_seed321_t480k,dataset,masa_plus_swissview,321,480000,swissview100_aerial,0.6272,1.144,0.356,0.44,0.636,0.836,0.868,/root/geoexplorer/results/checkpoint/appendix_compare_20260519/anchor0624_dataset_param_appendix/dataset_masa_plus_swissview_seed321_t480k/geoexplorer.pt
dataset_masa_plus_swissview_seed321_t480k,dataset,masa_plus_swissview,321,480000,swissviewmonuments_aerial,0.504313725490196,1.5819607843137256,0.33066666666666666,0.4638888888888889,0.62,0.6777777777777778,0.7333333333333333,/root/geoexplorer/results/checkpoint/appendix_compare_20260519/anchor0624_dataset_param_appendix/dataset_masa_plus_swissview_seed321_t480k/geoexplorer.pt
dataset_masa_plus_swissview_seed321_t480k,dataset,masa_plus_swissview,321,480000,swissviewmonuments_ground,0.5011764705882353,1.5388235294117647,0.2986666666666667,0.4527777777777778,0.6366666666666667,0.7166666666666667,0.7333333333333333,/root/geoexplorer/results/checkpoint/appendix_compare_20260519/anchor0624_dataset_param_appendix/dataset_masa_plus_swissview_seed321_t480k/geoexplorer.pt
dataset_masa_plus_swissview_seed321_t480k,dataset,masa_plus_swissview,321,480000,xbd_pre_aerial,0.53445,1.46995,0.27,0.38075,0.5695,0.721,0.731,/root/geoexplorer/results/checkpoint/appendix_compare_20260519/anchor0624_dataset_param_appendix/dataset_masa_plus_swissview_seed321_t480k/geoexplorer.pt
dataset_masa_plus_swissview_seed321_t480k,dataset,masa_plus_swissview,321,480000,xbd_disaster_aerial,0.5385,1.4947,0.2735,0.3885,0.57775,0.724,0.72875,/root/geoexplorer/results/checkpoint/appendix_compare_20260519/anchor0624_dataset_param_appendix/dataset_masa_plus_swissview_seed321_t480k/geoexplorer.pt
dataset_mmgag_plus_swissview_seed321_t480k,dataset,mmgag_plus_swissview,321,480000,masa_aerial,0.44,2.248,0.32,0.38,0.48,0.54,0.48,/root/geoexplorer/results/checkpoint/appendix_compare_20260519/anchor0624_dataset_param_appendix/dataset_mmgag_plus_swissview_seed321_t480k/geoexplorer.pt
dataset_mmgag_plus_swissview_seed321_t480k,dataset,mmgag_plus_swissview,321,480000,mmgag_aerial,0.5029787234042553,1.8663829787234043,0.3659574468085106,0.44680851063829785,0.4808510638297872,0.6042553191489362,0.6170212765957447,/root/geoexplorer/results/checkpoint/appendix_compare_20260519/anchor0624_dataset_param_appendix/dataset_mmgag_plus_swissview_seed321_t480k/geoexplorer.pt
dataset_mmgag_plus_swissview_seed321_t480k,dataset,mmgag_plus_swissview,321,480000,mmgag_ground,0.49106382978723406,1.9361702127659575,0.35319148936170214,0.43829787234042555,0.5361702127659574,0.6127659574468085,0.5148936170212766,/root/geoexplorer/results/checkpoint/appendix_compare_20260519/anchor0624_dataset_param_appendix/dataset_mmgag_plus_swissview_seed321_t480k/geoexplorer.pt
dataset_mmgag_plus_swissview_seed321_t480k,dataset,mmgag_plus_swissview,321,480000,mmgag_text,0.4757446808510638,1.9719148936170212,0.39574468085106385,0.41702127659574467,0.5617021276595745,0.4808510638297872,0.5234042553191489,/root/geoexplorer/results/checkpoint/appendix_compare_20260519/anchor0624_dataset_param_appendix/dataset_mmgag_plus_swissview_seed321_t480k/geoexplorer.pt
dataset_mmgag_plus_swissview_seed321_t480k,dataset,mmgag_plus_swissview,321,480000,swissview100_aerial,0.7056,1.0652,0.512,0.578,0.758,0.848,0.832,/root/geoexplorer/results/checkpoint/appendix_compare_20260519/anchor0624_dataset_param_appendix/dataset_mmgag_plus_swissview_seed321_t480k/geoexplorer.pt
dataset_mmgag_plus_swissview_seed321_t480k,dataset,mmgag_plus_swissview,321,480000,swissviewmonuments_aerial,0.45098039215686275,1.9827450980392156,0.392,0.3638888888888889,0.5233333333333333,0.5944444444444444,0.55,/root/geoexplorer/results/checkpoint/appendix_compare_20260519/anchor0624_dataset_param_appendix/dataset_mmgag_plus_swissview_seed321_t480k/geoexplorer.pt
dataset_mmgag_plus_swissview_seed321_t480k,dataset,mmgag_plus_swissview,321,480000,swissviewmonuments_ground,0.4682352941176471,1.908235294117647,0.36,0.40555555555555556,0.5566666666666666,0.6277777777777778,0.6,/root/geoexplorer/results/checkpoint/appendix_compare_20260519/anchor0624_dataset_param_appendix/dataset_mmgag_plus_swissview_seed321_t480k/geoexplorer.pt
dataset_mmgag_plus_swissview_seed321_t480k,dataset,mmgag_plus_swissview,321,480000,xbd_pre_aerial,0.512,1.88955,0.3725,0.41425,0.54325,0.6425,0.5875,/root/geoexplorer/results/checkpoint/appendix_compare_20260519/anchor0624_dataset_param_appendix/dataset_mmgag_plus_swissview_seed321_t480k/geoexplorer.pt
dataset_mmgag_plus_swissview_seed321_t480k,dataset,mmgag_plus_swissview,321,480000,xbd_disaster_aerial,0.5073,1.87065,0.36325,0.41275,0.5565,0.6235,0.5805,/root/geoexplorer/results/checkpoint/appendix_compare_20260519/anchor0624_dataset_param_appendix/dataset_mmgag_plus_swissview_seed321_t480k/geoexplorer.pt
dataset_all_three_seed321_t480k,dataset,all_three,321,480000,masa_aerial,0.544,1.548,0.3,0.52,0.52,0.66,0.72,/root/geoexplorer/results/checkpoint/appendix_compare_20260519/anchor0624_dataset_param_appendix/dataset_all_three_seed321_t480k/geoexplorer.pt
dataset_all_three_seed321_t480k,dataset,all_three,321,480000,mmgag_aerial,0.4978723404255319,1.8102127659574467,0.3829787234042553,0.42127659574468085,0.574468085106383,0.5872340425531914,0.5234042553191489,/root/geoexplorer/results/checkpoint/appendix_compare_20260519/anchor0624_dataset_param_appendix/dataset_all_three_seed321_t480k/geoexplorer.pt
dataset_all_three_seed321_t480k,dataset,all_three,321,480000,mmgag_ground,0.5038297872340426,1.7378723404255318,0.3276595744680851,0.4340425531914894,0.6042553191489362,0.6297872340425532,0.5234042553191489,/root/geoexplorer/results/checkpoint/appendix_compare_20260519/anchor0624_dataset_param_appendix/dataset_all_three_seed321_t480k/geoexplorer.pt
dataset_all_three_seed321_t480k,dataset,all_three,321,480000,mmgag_text,0.4808510638297872,1.8587234042553191,0.3148936170212766,0.42127659574468085,0.5702127659574469,0.5914893617021276,0.5063829787234042,/root/geoexplorer/results/checkpoint/appendix_compare_20260519/anchor0624_dataset_param_appendix/dataset_all_three_seed321_t480k/geoexplorer.pt
dataset_all_three_seed321_t480k,dataset,all_three,321,480000,swissview100_aerial,0.5756,1.698,0.486,0.534,0.646,0.668,0.544,/root/geoexplorer/results/checkpoint/appendix_compare_20260519/anchor0624_dataset_param_appendix/dataset_all_three_seed321_t480k/geoexplorer.pt
dataset_all_three_seed321_t480k,dataset,all_three,321,480000,swissviewmonuments_aerial,0.45647058823529413,1.9286274509803922,0.3413333333333333,0.4666666666666667,0.5333333333333333,0.5611111111111111,0.4166666666666667,/root/geoexplorer/results/checkpoint/appendix_compare_20260519/anchor0624_dataset_param_appendix/dataset_all_three_seed321_t480k/geoexplorer.pt
dataset_all_three_seed321_t480k,dataset,all_three,321,480000,swissviewmonuments_ground,0.4988235294117647,1.8101960784313726,0.392,0.4527777777777778,0.5966666666666667,0.6277777777777778,0.5666666666666667,/root/geoexplorer/results/checkpoint/appendix_compare_20260519/anchor0624_dataset_param_appendix/dataset_all_three_seed321_t480k/geoexplorer.pt
dataset_all_three_seed321_t480k,dataset,all_three,321,480000,xbd_pre_aerial,0.49655,1.84705,0.36675,0.43425,0.55525,0.595,0.5315,/root/geoexplorer/results/checkpoint/appendix_compare_20260519/anchor0624_dataset_param_appendix/dataset_all_three_seed321_t480k/geoexplorer.pt
dataset_all_three_seed321_t480k,dataset,all_three,321,480000,xbd_disaster_aerial,0.4998,1.8507,0.36325,0.4425,0.57,0.6165,0.50675,/root/geoexplorer/results/checkpoint/appendix_compare_20260519/anchor0624_dataset_param_appendix/dataset_all_three_seed321_t480k/geoexplorer.pt
param_gate_floor_0p25_seed321_t480k,param_gate_floor,masa_plus_mmgag,321,480000,masa_aerial,0.5,1.56,0.26,0.26,0.5,0.7,0.78,/root/geoexplorer/results/checkpoint/appendix_compare_20260519/anchor0624_dataset_param_appendix/param_gate_floor_0p25_seed321_t480k/geoexplorer.pt
param_gate_floor_0p25_seed321_t480k,param_gate_floor,masa_plus_mmgag,321,480000,mmgag_aerial,0.5523404255319149,1.5506382978723405,0.34893617021276596,0.42127659574468085,0.5659574468085107,0.7106382978723405,0.7148936170212766,/root/geoexplorer/results/checkpoint/appendix_compare_20260519/anchor0624_dataset_param_appendix/param_gate_floor_0p25_seed321_t480k/geoexplorer.pt
param_gate_floor_0p25_seed321_t480k,param_gate_floor,masa_plus_mmgag,321,480000,mmgag_ground,0.5463829787234042,1.5625531914893618,0.3148936170212766,0.3617021276595745,0.574468085106383,0.7191489361702128,0.7617021276595745,/root/geoexplorer/results/checkpoint/appendix_compare_20260519/anchor0624_dataset_param_appendix/param_gate_floor_0p25_seed321_t480k/geoexplorer.pt
param_gate_floor_0p25_seed321_t480k,param_gate_floor,masa_plus_mmgag,321,480000,mmgag_text,0.5038297872340426,1.7242553191489363,0.2936170212765957,0.37872340425531914,0.5191489361702127,0.6425531914893617,0.6851063829787234,/root/geoexplorer/results/checkpoint/appendix_compare_20260519/anchor0624_dataset_param_appendix/param_gate_floor_0p25_seed321_t480k/geoexplorer.pt
param_gate_floor_0p25_seed321_t480k,param_gate_floor,masa_plus_mmgag,321,480000,swissview100_aerial,0.4724,1.9556,0.314,0.412,0.518,0.566,0.552,/root/geoexplorer/results/checkpoint/appendix_compare_20260519/anchor0624_dataset_param_appendix/param_gate_floor_0p25_seed321_t480k/geoexplorer.pt
param_gate_floor_0p25_seed321_t480k,param_gate_floor,masa_plus_mmgag,321,480000,swissviewmonuments_aerial,0.45647058823529413,1.8188235294117647,0.3466666666666667,0.4222222222222222,0.5333333333333333,0.55,0.6833333333333333,/root/geoexplorer/results/checkpoint/appendix_compare_20260519/anchor0624_dataset_param_appendix/param_gate_floor_0p25_seed321_t480k/geoexplorer.pt
param_gate_floor_0p25_seed321_t480k,param_gate_floor,masa_plus_mmgag,321,480000,swissviewmonuments_ground,0.47843137254901963,1.7309803921568627,0.3466666666666667,0.46944444444444444,0.5566666666666666,0.5888888888888889,0.6333333333333333,/root/geoexplorer/results/checkpoint/appendix_compare_20260519/anchor0624_dataset_param_appendix/param_gate_floor_0p25_seed321_t480k/geoexplorer.pt
param_gate_floor_0p25_seed321_t480k,param_gate_floor,masa_plus_mmgag,321,480000,xbd_pre_aerial,0.4939,1.7484,0.29875,0.365,0.50825,0.62,0.6775,/root/geoexplorer/results/checkpoint/appendix_compare_20260519/anchor0624_dataset_param_appendix/param_gate_floor_0p25_seed321_t480k/geoexplorer.pt
param_gate_floor_0p25_seed321_t480k,param_gate_floor,masa_plus_mmgag,321,480000,xbd_disaster_aerial,0.50445,1.69525,0.29375,0.37575,0.5215,0.6415,0.68975,/root/geoexplorer/results/checkpoint/appendix_compare_20260519/anchor0624_dataset_param_appendix/param_gate_floor_0p25_seed321_t480k/geoexplorer.pt
param_gate_floor_0p35_seed321_t480k,param_gate_floor,masa_plus_mmgag,321,480000,masa_aerial,0.456,1.704,0.24,0.26,0.52,0.58,0.68,/root/geoexplorer/results/checkpoint/appendix_compare_20260519/anchor0624_dataset_param_appendix/param_gate_floor_0p35_seed321_t480k/geoexplorer.pt
param_gate_floor_0p35_seed321_t480k,param_gate_floor,masa_plus_mmgag,321,480000,mmgag_aerial,0.5038297872340426,1.64,0.32340425531914896,0.40425531914893614,0.5106382978723404,0.6382978723404256,0.6425531914893617,/root/geoexplorer/results/checkpoint/appendix_compare_20260519/anchor0624_dataset_param_appendix/param_gate_floor_0p35_seed321_t480k/geoexplorer.pt
param_gate_floor_0p35_seed321_t480k,param_gate_floor,masa_plus_mmgag,321,480000,mmgag_ground,0.49531914893617024,1.6706382978723404,0.3191489361702128,0.3404255319148936,0.5276595744680851,0.6595744680851063,0.6297872340425532,/root/geoexplorer/results/checkpoint/appendix_compare_20260519/anchor0624_dataset_param_appendix/param_gate_floor_0p35_seed321_t480k/geoexplorer.pt
param_gate_floor_0p35_seed321_t480k,param_gate_floor,masa_plus_mmgag,321,480000,mmgag_text,0.47404255319148936,1.76,0.30638297872340425,0.3617021276595745,0.4808510638297872,0.6,0.6212765957446809,/root/geoexplorer/results/checkpoint/appendix_compare_20260519/anchor0624_dataset_param_appendix/param_gate_floor_0p35_seed321_t480k/geoexplorer.pt
param_gate_floor_0p35_seed321_t480k,param_gate_floor,masa_plus_mmgag,321,480000,swissview100_aerial,0.4824,1.7508,0.318,0.366,0.514,0.608,0.606,/root/geoexplorer/results/checkpoint/appendix_compare_20260519/anchor0624_dataset_param_appendix/param_gate_floor_0p35_seed321_t480k/geoexplorer.pt
param_gate_floor_0p35_seed321_t480k,param_gate_floor,masa_plus_mmgag,321,480000,swissviewmonuments_aerial,0.4949019607843137,1.64,0.336,0.45555555555555555,0.5966666666666667,0.65,0.75,/root/geoexplorer/results/checkpoint/appendix_compare_20260519/anchor0624_dataset_param_appendix/param_gate_floor_0p35_seed321_t480k/geoexplorer.pt
param_gate_floor_0p35_seed321_t480k,param_gate_floor,masa_plus_mmgag,321,480000,swissviewmonuments_ground,0.46901960784313723,1.7262745098039216,0.30933333333333335,0.4527777777777778,0.5666666666666667,0.6111111111111112,0.65,/root/geoexplorer/results/checkpoint/appendix_compare_20260519/anchor0624_dataset_param_appendix/param_gate_floor_0p35_seed321_t480k/geoexplorer.pt
param_gate_floor_0p35_seed321_t480k,param_gate_floor,masa_plus_mmgag,321,480000,xbd_pre_aerial,0.49695,1.6162,0.292,0.373,0.534,0.638,0.64775,/root/geoexplorer/results/checkpoint/appendix_compare_20260519/anchor0624_dataset_param_appendix/param_gate_floor_0p35_seed321_t480k/geoexplorer.pt
param_gate_floor_0p35_seed321_t480k,param_gate_floor,masa_plus_mmgag,321,480000,xbd_disaster_aerial,0.5024,1.6012,0.30325,0.3815,0.528,0.647,0.65225,/root/geoexplorer/results/checkpoint/appendix_compare_20260519/anchor0624_dataset_param_appendix/param_gate_floor_0p35_seed321_t480k/geoexplorer.pt
param_gate_floor_0p5_seed321_t480k,param_gate_floor,masa_plus_mmgag,321,480000,masa_aerial,0.536,1.452,0.32,0.32,0.5,0.74,0.8,/root/geoexplorer/results/checkpoint/appendix_compare_20260519/anchor0624_dataset_param_appendix/param_gate_floor_0p5_seed321_t480k/geoexplorer.pt
param_gate_floor_0p5_seed321_t480k,param_gate_floor,masa_plus_mmgag,321,480000,mmgag_aerial,0.5242553191489362,1.4791489361702128,0.2936170212765957,0.37446808510638296,0.5404255319148936,0.6468085106382979,0.7659574468085106,/root/geoexplorer/results/checkpoint/appendix_compare_20260519/anchor0624_dataset_param_appendix/param_gate_floor_0p5_seed321_t480k/geoexplorer.pt
param_gate_floor_0p5_seed321_t480k,param_gate_floor,masa_plus_mmgag,321,480000,mmgag_ground,0.5276595744680851,1.4536170212765958,0.23829787234042554,0.35319148936170214,0.5702127659574469,0.7021276595744681,0.774468085106383,/root/geoexplorer/results/checkpoint/appendix_compare_20260519/anchor0624_dataset_param_appendix/param_gate_floor_0p5_seed321_t480k/geoexplorer.pt
param_gate_floor_0p5_seed321_t480k,param_gate_floor,masa_plus_mmgag,321,480000,mmgag_text,0.4927659574468085,1.6187234042553191,0.2765957446808511,0.3574468085106383,0.4595744680851064,0.6553191489361702,0.7148936170212766,/root/geoexplorer/results/checkpoint/appendix_compare_20260519/anchor0624_dataset_param_appendix/param_gate_floor_0p5_seed321_t480k/geoexplorer.pt
param_gate_floor_0p5_seed321_t480k,param_gate_floor,masa_plus_mmgag,321,480000,swissview100_aerial,0.4604,1.8356,0.31,0.33,0.492,0.572,0.598,/root/geoexplorer/results/checkpoint/appendix_compare_20260519/anchor0624_dataset_param_appendix/param_gate_floor_0p5_seed321_t480k/geoexplorer.pt
param_gate_floor_0p5_seed321_t480k,param_gate_floor,masa_plus_mmgag,321,480000,swissviewmonuments_aerial,0.46509803921568627,1.7450980392156863,0.30933333333333335,0.45,0.54,0.6277777777777778,0.6666666666666666,/root/geoexplorer/results/checkpoint/appendix_compare_20260519/anchor0624_dataset_param_appendix/param_gate_floor_0p5_seed321_t480k/geoexplorer.pt
param_gate_floor_0p5_seed321_t480k,param_gate_floor,masa_plus_mmgag,321,480000,swissviewmonuments_ground,0.47215686274509805,1.7450980392156863,0.30133333333333334,0.46944444444444444,0.5466666666666666,0.6444444444444445,0.6666666666666666,/root/geoexplorer/results/checkpoint/appendix_compare_20260519/anchor0624_dataset_param_appendix/param_gate_floor_0p5_seed321_t480k/geoexplorer.pt
param_gate_floor_0p5_seed321_t480k,param_gate_floor,masa_plus_mmgag,321,480000,xbd_pre_aerial,0.5006,1.64095,0.29775,0.353,0.523,0.63825,0.691,/root/geoexplorer/results/checkpoint/appendix_compare_20260519/anchor0624_dataset_param_appendix/param_gate_floor_0p5_seed321_t480k/geoexplorer.pt
param_gate_floor_0p5_seed321_t480k,param_gate_floor,masa_plus_mmgag,321,480000,xbd_disaster_aerial,0.5092,1.6094,0.29725,0.3605,0.537,0.659,0.69225,/root/geoexplorer/results/checkpoint/appendix_compare_20260519/anchor0624_dataset_param_appendix/param_gate_floor_0p5_seed321_t480k/geoexplorer.pt
param_gate_floor_0p65_seed321_t480k,param_gate_floor,masa_plus_mmgag,321,480000,masa_aerial,0.536,1.476,0.26,0.42,0.56,0.76,0.68,/root/geoexplorer/results/checkpoint/appendix_compare_20260519/anchor0624_dataset_param_appendix/param_gate_floor_0p65_seed321_t480k/geoexplorer.pt
param_gate_floor_0p65_seed321_t480k,param_gate_floor,masa_plus_mmgag,321,480000,mmgag_aerial,0.5455319148936171,1.432340425531915,0.3446808510638298,0.40425531914893614,0.5361702127659574,0.6893617021276596,0.7531914893617021,/root/geoexplorer/results/checkpoint/appendix_compare_20260519/anchor0624_dataset_param_appendix/param_gate_floor_0p65_seed321_t480k/geoexplorer.pt
param_gate_floor_0p65_seed321_t480k,param_gate_floor,masa_plus_mmgag,321,480000,mmgag_ground,0.5472340425531915,1.4570212765957447,0.35319148936170214,0.39148936170212767,0.5404255319148936,0.723404255319149,0.7276595744680852,/root/geoexplorer/results/checkpoint/appendix_compare_20260519/anchor0624_dataset_param_appendix/param_gate_floor_0p65_seed321_t480k/geoexplorer.pt
param_gate_floor_0p65_seed321_t480k,param_gate_floor,masa_plus_mmgag,321,480000,mmgag_text,0.5148936170212766,1.6042553191489362,0.32340425531914896,0.3829787234042553,0.5659574468085107,0.6510638297872341,0.6510638297872341,/root/geoexplorer/results/checkpoint/appendix_compare_20260519/anchor0624_dataset_param_appendix/param_gate_floor_0p65_seed321_t480k/geoexplorer.pt
param_gate_floor_0p65_seed321_t480k,param_gate_floor,masa_plus_mmgag,321,480000,swissview100_aerial,0.4916,1.8972,0.394,0.4,0.554,0.594,0.516,/root/geoexplorer/results/checkpoint/appendix_compare_20260519/anchor0624_dataset_param_appendix/param_gate_floor_0p65_seed321_t480k/geoexplorer.pt
param_gate_floor_0p65_seed321_t480k,param_gate_floor,masa_plus_mmgag,321,480000,swissviewmonuments_aerial,0.4603921568627451,1.8298039215686275,0.32266666666666666,0.41944444444444445,0.5633333333333334,0.6222222222222222,0.5666666666666667,/root/geoexplorer/results/checkpoint/appendix_compare_20260519/anchor0624_dataset_param_appendix/param_gate_floor_0p65_seed321_t480k/geoexplorer.pt
param_gate_floor_0p65_seed321_t480k,param_gate_floor,masa_plus_mmgag,321,480000,swissviewmonuments_ground,0.4588235294117647,1.828235294117647,0.32,0.44722222222222224,0.57,0.5666666666666667,0.5166666666666667,/root/geoexplorer/results/checkpoint/appendix_compare_20260519/anchor0624_dataset_param_appendix/param_gate_floor_0p65_seed321_t480k/geoexplorer.pt
param_gate_floor_0p65_seed321_t480k,param_gate_floor,masa_plus_mmgag,321,480000,xbd_pre_aerial,0.50895,1.6946,0.316,0.3985,0.55175,0.6445,0.634,/root/geoexplorer/results/checkpoint/appendix_compare_20260519/anchor0624_dataset_param_appendix/param_gate_floor_0p65_seed321_t480k/geoexplorer.pt
param_gate_floor_0p65_seed321_t480k,param_gate_floor,masa_plus_mmgag,321,480000,xbd_disaster_aerial,0.51695,1.65355,0.32475,0.408,0.561,0.65025,0.64075,/root/geoexplorer/results/checkpoint/appendix_compare_20260519/anchor0624_dataset_param_appendix/param_gate_floor_0p65_seed321_t480k/geoexplorer.pt
param_pbrs_0_seed321_t480k,param_pbrs,masa_plus_mmgag,321,480000,masa_aerial,0.564,1.248,0.36,0.24,0.58,0.8,0.84,/root/geoexplorer/results/checkpoint/appendix_compare_20260519/anchor0624_dataset_param_appendix/param_pbrs_0_seed321_t480k/geoexplorer.pt
param_pbrs_0_seed321_t480k,param_pbrs,masa_plus_mmgag,321,480000,mmgag_aerial,0.5829787234042553,1.2119148936170212,0.2680851063829787,0.37872340425531914,0.5574468085106383,0.8553191489361702,0.8553191489361702,/root/geoexplorer/results/checkpoint/appendix_compare_20260519/anchor0624_dataset_param_appendix/param_pbrs_0_seed321_t480k/geoexplorer.pt
param_pbrs_0_seed321_t480k,param_pbrs,masa_plus_mmgag,321,480000,mmgag_ground,0.5948936170212766,1.1880851063829787,0.2723404255319149,0.3617021276595745,0.6,0.8723404255319149,0.8680851063829788,/root/geoexplorer/results/checkpoint/appendix_compare_20260519/anchor0624_dataset_param_appendix/param_pbrs_0_seed321_t480k/geoexplorer.pt
param_pbrs_0_seed321_t480k,param_pbrs,masa_plus_mmgag,321,480000,mmgag_text,0.5685106382978723,1.3123404255319149,0.2680851063829787,0.37446808510638296,0.5787234042553191,0.8170212765957446,0.8042553191489362,/root/geoexplorer/results/checkpoint/appendix_compare_20260519/anchor0624_dataset_param_appendix/param_pbrs_0_seed321_t480k/geoexplorer.pt
param_pbrs_0_seed321_t480k,param_pbrs,masa_plus_mmgag,321,480000,swissview100_aerial,0.5508,1.3316,0.318,0.388,0.578,0.738,0.732,/root/geoexplorer/results/checkpoint/appendix_compare_20260519/anchor0624_dataset_param_appendix/param_pbrs_0_seed321_t480k/geoexplorer.pt
param_pbrs_0_seed321_t480k,param_pbrs,masa_plus_mmgag,321,480000,swissviewmonuments_aerial,0.49254901960784314,1.5427450980392157,0.288,0.46111111111111114,0.6133333333333333,0.6833333333333333,0.7833333333333333,/root/geoexplorer/results/checkpoint/appendix_compare_20260519/anchor0624_dataset_param_appendix/param_pbrs_0_seed321_t480k/geoexplorer.pt
param_pbrs_0_seed321_t480k,param_pbrs,masa_plus_mmgag,321,480000,swissviewmonuments_ground,0.4956862745098039,1.5388235294117647,0.312,0.46944444444444444,0.62,0.6611111111111111,0.6833333333333333,/root/geoexplorer/results/checkpoint/appendix_compare_20260519/anchor0624_dataset_param_appendix/param_pbrs_0_seed321_t480k/geoexplorer.pt
param_pbrs_0_seed321_t480k,param_pbrs,masa_plus_mmgag,321,480000,xbd_pre_aerial,0.56525,1.29545,0.28775,0.385,0.59325,0.77475,0.7855,/root/geoexplorer/results/checkpoint/appendix_compare_20260519/anchor0624_dataset_param_appendix/param_pbrs_0_seed321_t480k/geoexplorer.pt
param_pbrs_0_seed321_t480k,param_pbrs,masa_plus_mmgag,321,480000,xbd_disaster_aerial,0.56655,1.29225,0.29475,0.3785,0.599,0.76625,0.79425,/root/geoexplorer/results/checkpoint/appendix_compare_20260519/anchor0624_dataset_param_appendix/param_pbrs_0_seed321_t480k/geoexplorer.pt
param_pbrs_0p05_seed321_t480k,param_pbrs,masa_plus_mmgag,321,480000,masa_aerial,0.588,1.18,0.38,0.32,0.54,0.78,0.92,/root/geoexplorer/results/checkpoint/appendix_compare_20260519/anchor0624_dataset_param_appendix/param_pbrs_0p05_seed321_t480k/geoexplorer.pt
param_pbrs_0p05_seed321_t480k,param_pbrs,masa_plus_mmgag,321,480000,mmgag_aerial,0.5293617021276595,1.4748936170212765,0.2851063829787234,0.3574468085106383,0.5276595744680851,0.676595744680851,0.8,/root/geoexplorer/results/checkpoint/appendix_compare_20260519/anchor0624_dataset_param_appendix/param_pbrs_0p05_seed321_t480k/geoexplorer.pt
param_pbrs_0p05_seed321_t480k,param_pbrs,masa_plus_mmgag,321,480000,mmgag_ground,0.5378723404255319,1.4417021276595745,0.25957446808510637,0.34893617021276596,0.5361702127659574,0.7148936170212766,0.8297872340425532,/root/geoexplorer/results/checkpoint/appendix_compare_20260519/anchor0624_dataset_param_appendix/param_pbrs_0p05_seed321_t480k/geoexplorer.pt
param_pbrs_0p05_seed321_t480k,param_pbrs,masa_plus_mmgag,321,480000,mmgag_text,0.4927659574468085,1.6025531914893616,0.251063829787234,0.33617021276595743,0.4978723404255319,0.6638297872340425,0.7148936170212766,/root/geoexplorer/results/checkpoint/appendix_compare_20260519/anchor0624_dataset_param_appendix/param_pbrs_0p05_seed321_t480k/geoexplorer.pt
param_pbrs_0p05_seed321_t480k,param_pbrs,masa_plus_mmgag,321,480000,swissview100_aerial,0.4924,1.712,0.336,0.356,0.524,0.62,0.626,/root/geoexplorer/results/checkpoint/appendix_compare_20260519/anchor0624_dataset_param_appendix/param_pbrs_0p05_seed321_t480k/geoexplorer.pt
param_pbrs_0p05_seed321_t480k,param_pbrs,masa_plus_mmgag,321,480000,swissviewmonuments_aerial,0.4666666666666667,1.6972549019607843,0.296,0.45,0.56,0.6444444444444445,0.6333333333333333,/root/geoexplorer/results/checkpoint/appendix_compare_20260519/anchor0624_dataset_param_appendix/param_pbrs_0p05_seed321_t480k/geoexplorer.pt
param_pbrs_0p05_seed321_t480k,param_pbrs,masa_plus_mmgag,321,480000,swissviewmonuments_ground,0.4674509803921569,1.683921568627451,0.30133333333333334,0.43333333333333335,0.5533333333333333,0.6722222222222223,0.6666666666666666,/root/geoexplorer/results/checkpoint/appendix_compare_20260519/anchor0624_dataset_param_appendix/param_pbrs_0p05_seed321_t480k/geoexplorer.pt
param_pbrs_0p05_seed321_t480k,param_pbrs,masa_plus_mmgag,321,480000,xbd_pre_aerial,0.5161,1.56715,0.2955,0.36425,0.5345,0.669,0.71725,/root/geoexplorer/results/checkpoint/appendix_compare_20260519/anchor0624_dataset_param_appendix/param_pbrs_0p05_seed321_t480k/geoexplorer.pt
param_pbrs_0p05_seed321_t480k,param_pbrs,masa_plus_mmgag,321,480000,xbd_disaster_aerial,0.5303,1.5085,0.29325,0.3775,0.55475,0.6915,0.7345,/root/geoexplorer/results/checkpoint/appendix_compare_20260519/anchor0624_dataset_param_appendix/param_pbrs_0p05_seed321_t480k/geoexplorer.pt
param_pbrs_0p15_seed321_t480k,param_pbrs,masa_plus_mmgag,321,480000,masa_aerial,0.524,1.572,0.24,0.42,0.46,0.68,0.82,/root/geoexplorer/results/checkpoint/appendix_compare_20260519/anchor0624_dataset_param_appendix/param_pbrs_0p15_seed321_t480k/geoexplorer.pt
param_pbrs_0p15_seed321_t480k,param_pbrs,masa_plus_mmgag,321,480000,mmgag_aerial,0.5225531914893617,1.5157446808510637,0.2936170212765957,0.3659574468085106,0.548936170212766,0.625531914893617,0.7787234042553192,/root/geoexplorer/results/checkpoint/appendix_compare_20260519/anchor0624_dataset_param_appendix/param_pbrs_0p15_seed321_t480k/geoexplorer.pt
param_pbrs_0p15_seed321_t480k,param_pbrs,masa_plus_mmgag,321,480000,mmgag_ground,0.5174468085106383,1.5523404255319149,0.3021276595744681,0.39148936170212767,0.5063829787234042,0.6553191489361702,0.7319148936170212,/root/geoexplorer/results/checkpoint/appendix_compare_20260519/anchor0624_dataset_param_appendix/param_pbrs_0p15_seed321_t480k/geoexplorer.pt
param_pbrs_0p15_seed321_t480k,param_pbrs,masa_plus_mmgag,321,480000,mmgag_text,0.5012765957446809,1.6093617021276596,0.3021276595744681,0.3617021276595745,0.4978723404255319,0.6297872340425532,0.7148936170212766,/root/geoexplorer/results/checkpoint/appendix_compare_20260519/anchor0624_dataset_param_appendix/param_pbrs_0p15_seed321_t480k/geoexplorer.pt
param_pbrs_0p15_seed321_t480k,param_pbrs,masa_plus_mmgag,321,480000,swissview100_aerial,0.456,2.0356,0.368,0.398,0.526,0.54,0.448,/root/geoexplorer/results/checkpoint/appendix_compare_20260519/anchor0624_dataset_param_appendix/param_pbrs_0p15_seed321_t480k/geoexplorer.pt
param_pbrs_0p15_seed321_t480k,param_pbrs,masa_plus_mmgag,321,480000,swissviewmonuments_aerial,0.44862745098039214,1.8745098039215686,0.3333333333333333,0.4583333333333333,0.49666666666666665,0.55,0.5666666666666667,/root/geoexplorer/results/checkpoint/appendix_compare_20260519/anchor0624_dataset_param_appendix/param_pbrs_0p15_seed321_t480k/geoexplorer.pt
param_pbrs_0p15_seed321_t480k,param_pbrs,masa_plus_mmgag,321,480000,swissviewmonuments_ground,0.45725490196078433,1.8462745098039215,0.33066666666666666,0.45,0.5266666666666666,0.5888888888888889,0.55,/root/geoexplorer/results/checkpoint/appendix_compare_20260519/anchor0624_dataset_param_appendix/param_pbrs_0p15_seed321_t480k/geoexplorer.pt
param_pbrs_0p15_seed321_t480k,param_pbrs,masa_plus_mmgag,321,480000,xbd_pre_aerial,0.49955,1.73705,0.31525,0.389,0.53225,0.61925,0.642,/root/geoexplorer/results/checkpoint/appendix_compare_20260519/anchor0624_dataset_param_appendix/param_pbrs_0p15_seed321_t480k/geoexplorer.pt
param_pbrs_0p15_seed321_t480k,param_pbrs,masa_plus_mmgag,321,480000,xbd_disaster_aerial,0.51275,1.66545,0.3165,0.40225,0.5445,0.637,0.6635,/root/geoexplorer/results/checkpoint/appendix_compare_20260519/anchor0624_dataset_param_appendix/param_pbrs_0p15_seed321_t480k/geoexplorer.pt
param_pbrs_0p2_seed321_t480k,param_pbrs,masa_plus_mmgag,321,480000,masa_aerial,0.568,1.372,0.28,0.24,0.64,0.82,0.86,/root/geoexplorer/results/checkpoint/appendix_compare_20260519/anchor0624_dataset_param_appendix/param_pbrs_0p2_seed321_t480k/geoexplorer.pt
param_pbrs_0p2_seed321_t480k,param_pbrs,masa_plus_mmgag,321,480000,mmgag_aerial,0.574468085106383,1.3438297872340426,0.2978723404255319,0.3659574468085106,0.5787234042553191,0.7957446808510639,0.8340425531914893,/root/geoexplorer/results/checkpoint/appendix_compare_20260519/anchor0624_dataset_param_appendix/param_pbrs_0p2_seed321_t480k/geoexplorer.pt
param_pbrs_0p2_seed321_t480k,param_pbrs,masa_plus_mmgag,321,480000,mmgag_ground,0.5480851063829787,1.4476595744680851,0.3191489361702128,0.3829787234042553,0.5361702127659574,0.7531914893617021,0.7489361702127659,/root/geoexplorer/results/checkpoint/appendix_compare_20260519/anchor0624_dataset_param_appendix/param_pbrs_0p2_seed321_t480k/geoexplorer.pt
param_pbrs_0p2_seed321_t480k,param_pbrs,masa_plus_mmgag,321,480000,mmgag_text,0.5285106382978724,1.4859574468085106,0.2978723404255319,0.39574468085106385,0.5404255319148936,0.7021276595744681,0.7063829787234043,/root/geoexplorer/results/checkpoint/appendix_compare_20260519/anchor0624_dataset_param_appendix/param_pbrs_0p2_seed321_t480k/geoexplorer.pt
param_pbrs_0p2_seed321_t480k,param_pbrs,masa_plus_mmgag,321,480000,swissview100_aerial,0.502,1.59,0.322,0.334,0.536,0.696,0.622,/root/geoexplorer/results/checkpoint/appendix_compare_20260519/anchor0624_dataset_param_appendix/param_pbrs_0p2_seed321_t480k/geoexplorer.pt
param_pbrs_0p2_seed321_t480k,param_pbrs,masa_plus_mmgag,321,480000,swissviewmonuments_aerial,0.476078431372549,1.704313725490196,0.30666666666666664,0.48333333333333334,0.5666666666666667,0.6388888888888888,0.55,/root/geoexplorer/results/checkpoint/appendix_compare_20260519/anchor0624_dataset_param_appendix/param_pbrs_0p2_seed321_t480k/geoexplorer.pt
param_pbrs_0p2_seed321_t480k,param_pbrs,masa_plus_mmgag,321,480000,swissviewmonuments_ground,0.4768627450980392,1.6831372549019608,0.30133333333333334,0.4722222222222222,0.5966666666666667,0.6111111111111112,0.6,/root/geoexplorer/results/checkpoint/appendix_compare_20260519/anchor0624_dataset_param_appendix/param_pbrs_0p2_seed321_t480k/geoexplorer.pt
param_pbrs_0p2_seed321_t480k,param_pbrs,masa_plus_mmgag,321,480000,xbd_pre_aerial,0.54575,1.40065,0.30525,0.3835,0.582,0.71825,0.73975,/root/geoexplorer/results/checkpoint/appendix_compare_20260519/anchor0624_dataset_param_appendix/param_pbrs_0p2_seed321_t480k/geoexplorer.pt
param_pbrs_0p2_seed321_t480k,param_pbrs,masa_plus_mmgag,321,480000,xbd_disaster_aerial,0.55695,1.3648,0.31325,0.39375,0.5735,0.74375,0.7605,/root/geoexplorer/results/checkpoint/appendix_compare_20260519/anchor0624_dataset_param_appendix/param_pbrs_0p2_seed321_t480k/geoexplorer.pt
param_ent_0p0025_seed321_t480k,param_entropy,masa_plus_mmgag,321,480000,masa_aerial,0.552,1.428,0.32,0.38,0.64,0.68,0.74,/root/geoexplorer/results/checkpoint/appendix_compare_20260519/anchor0624_dataset_param_appendix/param_ent_0p0025_seed321_t480k/geoexplorer.pt
param_ent_0p0025_seed321_t480k,param_entropy,masa_plus_mmgag,321,480000,mmgag_aerial,0.5531914893617021,1.371063829787234,0.3574468085106383,0.4297872340425532,0.548936170212766,0.7148936170212766,0.7148936170212766,/root/geoexplorer/results/checkpoint/appendix_compare_20260519/anchor0624_dataset_param_appendix/param_ent_0p0025_seed321_t480k/geoexplorer.pt
param_ent_0p0025_seed321_t480k,param_entropy,masa_plus_mmgag,321,480000,mmgag_ground,0.5651063829787234,1.3285106382978724,0.3659574468085106,0.451063829787234,0.5531914893617021,0.7446808510638298,0.7106382978723405,/root/geoexplorer/results/checkpoint/appendix_compare_20260519/anchor0624_dataset_param_appendix/param_ent_0p0025_seed321_t480k/geoexplorer.pt
param_ent_0p0025_seed321_t480k,param_entropy,masa_plus_mmgag,321,480000,mmgag_text,0.56,1.3463829787234043,0.37872340425531914,0.4127659574468085,0.5702127659574469,0.7021276595744681,0.7361702127659574,/root/geoexplorer/results/checkpoint/appendix_compare_20260519/anchor0624_dataset_param_appendix/param_ent_0p0025_seed321_t480k/geoexplorer.pt
param_ent_0p0025_seed321_t480k,param_entropy,masa_plus_mmgag,321,480000,swissview100_aerial,0.5664,1.406,0.402,0.47,0.606,0.676,0.678,/root/geoexplorer/results/checkpoint/appendix_compare_20260519/anchor0624_dataset_param_appendix/param_ent_0p0025_seed321_t480k/geoexplorer.pt
param_ent_0p0025_seed321_t480k,param_entropy,masa_plus_mmgag,321,480000,swissviewmonuments_aerial,0.5003921568627451,1.6,0.352,0.48055555555555557,0.6033333333333334,0.6277777777777778,0.65,/root/geoexplorer/results/checkpoint/appendix_compare_20260519/anchor0624_dataset_param_appendix/param_ent_0p0025_seed321_t480k/geoexplorer.pt
param_ent_0p0025_seed321_t480k,param_entropy,masa_plus_mmgag,321,480000,swissviewmonuments_ground,0.5223529411764706,1.56,0.376,0.49444444444444446,0.62,0.6722222222222223,0.6666666666666666,/root/geoexplorer/results/checkpoint/appendix_compare_20260519/anchor0624_dataset_param_appendix/param_ent_0p0025_seed321_t480k/geoexplorer.pt
param_ent_0p0025_seed321_t480k,param_entropy,masa_plus_mmgag,321,480000,xbd_pre_aerial,0.5634,1.34715,0.33425,0.4285,0.6065,0.71125,0.7365,/root/geoexplorer/results/checkpoint/appendix_compare_20260519/anchor0624_dataset_param_appendix/param_ent_0p0025_seed321_t480k/geoexplorer.pt
param_ent_0p0025_seed321_t480k,param_entropy,masa_plus_mmgag,321,480000,xbd_disaster_aerial,0.56445,1.3627,0.34825,0.424,0.59925,0.728,0.72275,/root/geoexplorer/results/checkpoint/appendix_compare_20260519/anchor0624_dataset_param_appendix/param_ent_0p0025_seed321_t480k/geoexplorer.pt
param_ent_0p0075_seed321_t480k,param_entropy,masa_plus_mmgag,321,480000,masa_aerial,0.424,2.06,0.3,0.36,0.46,0.54,0.46,/root/geoexplorer/results/checkpoint/appendix_compare_20260519/anchor0624_dataset_param_appendix/param_ent_0p0075_seed321_t480k/geoexplorer.pt
param_ent_0p0075_seed321_t480k,param_entropy,masa_plus_mmgag,321,480000,mmgag_aerial,0.4391489361702128,2.0851063829787235,0.4085106382978723,0.4,0.4851063829787234,0.5191489361702127,0.3829787234042553,/root/geoexplorer/results/checkpoint/appendix_compare_20260519/anchor0624_dataset_param_appendix/param_ent_0p0075_seed321_t480k/geoexplorer.pt
param_ent_0p0075_seed321_t480k,param_entropy,masa_plus_mmgag,321,480000,mmgag_ground,0.4221276595744681,2.1429787234042554,0.33191489361702126,0.4085106382978723,0.502127659574468,0.5106382978723404,0.3574468085106383,/root/geoexplorer/results/checkpoint/appendix_compare_20260519/anchor0624_dataset_param_appendix/param_ent_0p0075_seed321_t480k/geoexplorer.pt
param_ent_0p0075_seed321_t480k,param_entropy,masa_plus_mmgag,321,480000,mmgag_text,0.40680851063829787,2.2280851063829785,0.3617021276595745,0.4,0.4723404255319149,0.46808510638297873,0.33191489361702126,/root/geoexplorer/results/checkpoint/appendix_compare_20260519/anchor0624_dataset_param_appendix/param_ent_0p0075_seed321_t480k/geoexplorer.pt
param_ent_0p0075_seed321_t480k,param_entropy,masa_plus_mmgag,321,480000,swissview100_aerial,0.454,2.044,0.464,0.458,0.552,0.494,0.302,/root/geoexplorer/results/checkpoint/appendix_compare_20260519/anchor0624_dataset_param_appendix/param_ent_0p0075_seed321_t480k/geoexplorer.pt
param_ent_0p0075_seed321_t480k,param_entropy,masa_plus_mmgag,321,480000,swissviewmonuments_aerial,0.42745098039215684,1.9898039215686274,0.35733333333333334,0.4027777777777778,0.5233333333333333,0.5,0.31666666666666665,/root/geoexplorer/results/checkpoint/appendix_compare_20260519/anchor0624_dataset_param_appendix/param_ent_0p0075_seed321_t480k/geoexplorer.pt
param_ent_0p0075_seed321_t480k,param_entropy,masa_plus_mmgag,321,480000,swissviewmonuments_ground,0.44862745098039214,1.9176470588235295,0.37333333333333335,0.4166666666666667,0.5333333333333333,0.5277777777777778,0.45,/root/geoexplorer/results/checkpoint/appendix_compare_20260519/anchor0624_dataset_param_appendix/param_ent_0p0075_seed321_t480k/geoexplorer.pt
param_ent_0p0075_seed321_t480k,param_entropy,masa_plus_mmgag,321,480000,xbd_pre_aerial,0.4448,2.03105,0.37875,0.42925,0.51525,0.5115,0.38925,/root/geoexplorer/results/checkpoint/appendix_compare_20260519/anchor0624_dataset_param_appendix/param_ent_0p0075_seed321_t480k/geoexplorer.pt
param_ent_0p0075_seed321_t480k,param_entropy,masa_plus_mmgag,321,480000,xbd_disaster_aerial,0.4426,2.02535,0.3875,0.42375,0.501,0.514,0.38675,/root/geoexplorer/results/checkpoint/appendix_compare_20260519/anchor0624_dataset_param_appendix/param_ent_0p0075_seed321_t480k/geoexplorer.pt
param_ent_0p01_seed321_t480k,param_entropy,masa_plus_mmgag,321,480000,masa_aerial,0.468,1.772,0.24,0.24,0.48,0.62,0.76,/root/geoexplorer/results/checkpoint/appendix_compare_20260519/anchor0624_dataset_param_appendix/param_ent_0p01_seed321_t480k/geoexplorer.pt
param_ent_0p01_seed321_t480k,param_entropy,masa_plus_mmgag,321,480000,mmgag_aerial,0.505531914893617,1.665531914893617,0.31063829787234043,0.3829787234042553,0.5106382978723404,0.6510638297872341,0.6723404255319149,/root/geoexplorer/results/checkpoint/appendix_compare_20260519/anchor0624_dataset_param_appendix/param_ent_0p01_seed321_t480k/geoexplorer.pt
param_ent_0p01_seed321_t480k,param_entropy,masa_plus_mmgag,321,480000,mmgag_ground,0.48851063829787233,1.7114893617021276,0.2936170212765957,0.3872340425531915,0.4765957446808511,0.6382978723404256,0.6468085106382979,/root/geoexplorer/results/checkpoint/appendix_compare_20260519/anchor0624_dataset_param_appendix/param_ent_0p01_seed321_t480k/geoexplorer.pt
param_ent_0p01_seed321_t480k,param_entropy,masa_plus_mmgag,321,480000,mmgag_text,0.4697872340425532,1.8051063829787235,0.2978723404255319,0.33617021276595743,0.46382978723404256,0.6127659574468085,0.6382978723404256,/root/geoexplorer/results/checkpoint/appendix_compare_20260519/anchor0624_dataset_param_appendix/param_ent_0p01_seed321_t480k/geoexplorer.pt
param_ent_0p01_seed321_t480k,param_entropy,masa_plus_mmgag,321,480000,swissview100_aerial,0.438,2.0684,0.34,0.428,0.482,0.526,0.414,/root/geoexplorer/results/checkpoint/appendix_compare_20260519/anchor0624_dataset_param_appendix/param_ent_0p01_seed321_t480k/geoexplorer.pt
param_ent_0p01_seed321_t480k,param_entropy,masa_plus_mmgag,321,480000,swissviewmonuments_aerial,0.45019607843137255,1.7898039215686274,0.31466666666666665,0.4361111111111111,0.5333333333333333,0.5611111111111111,0.6333333333333333,/root/geoexplorer/results/checkpoint/appendix_compare_20260519/anchor0624_dataset_param_appendix/param_ent_0p01_seed321_t480k/geoexplorer.pt
param_ent_0p01_seed321_t480k,param_entropy,masa_plus_mmgag,321,480000,swissviewmonuments_ground,0.47215686274509805,1.7003921568627451,0.336,0.41944444444444445,0.5766666666666667,0.6388888888888888,0.6166666666666667,/root/geoexplorer/results/checkpoint/appendix_compare_20260519/anchor0624_dataset_param_appendix/param_ent_0p01_seed321_t480k/geoexplorer.pt
param_ent_0p01_seed321_t480k,param_entropy,masa_plus_mmgag,321,480000,xbd_pre_aerial,0.47005,1.85045,0.2935,0.365,0.4865,0.56775,0.6375,/root/geoexplorer/results/checkpoint/appendix_compare_20260519/anchor0624_dataset_param_appendix/param_ent_0p01_seed321_t480k/geoexplorer.pt
param_ent_0p01_seed321_t480k,param_entropy,masa_plus_mmgag,321,480000,xbd_disaster_aerial,0.4937,1.7148,0.30225,0.3775,0.50475,0.605,0.679,/root/geoexplorer/results/checkpoint/appendix_compare_20260519/anchor0624_dataset_param_appendix/param_ent_0p01_seed321_t480k/geoexplorer.pt
param_val_dists_45678_seed321_t480k,param_val_dists,masa_plus_mmgag,321,480000,masa_aerial,0.508,1.856,0.44,0.48,0.56,0.52,0.54,/root/geoexplorer/results/checkpoint/appendix_compare_20260519/anchor0624_dataset_param_appendix/param_val_dists_45678_seed321_t480k/geoexplorer.pt
param_val_dists_45678_seed321_t480k,param_val_dists,masa_plus_mmgag,321,480000,mmgag_aerial,0.3931914893617021,2.2204255319148936,0.3574468085106383,0.3574468085106383,0.48936170212765956,0.46382978723404256,0.2978723404255319,/root/geoexplorer/results/checkpoint/appendix_compare_20260519/anchor0624_dataset_param_appendix/param_val_dists_45678_seed321_t480k/geoexplorer.pt
param_val_dists_45678_seed321_t480k,param_val_dists,masa_plus_mmgag,321,480000,mmgag_ground,0.4136170212765957,2.166808510638298,0.34893617021276596,0.41702127659574467,0.502127659574468,0.451063829787234,0.34893617021276596,/root/geoexplorer/results/checkpoint/appendix_compare_20260519/anchor0624_dataset_param_appendix/param_val_dists_45678_seed321_t480k/geoexplorer.pt
param_val_dists_45678_seed321_t480k,param_val_dists,masa_plus_mmgag,321,480000,mmgag_text,0.36,2.381276595744681,0.3404255319148936,0.39148936170212767,0.4595744680851064,0.3659574468085106,0.2425531914893617,/root/geoexplorer/results/checkpoint/appendix_compare_20260519/anchor0624_dataset_param_appendix/param_val_dists_45678_seed321_t480k/geoexplorer.pt
param_val_dists_45678_seed321_t480k,param_val_dists,masa_plus_mmgag,321,480000,swissview100_aerial,0.4376,2.2212,0.438,0.448,0.546,0.466,0.29,/root/geoexplorer/results/checkpoint/appendix_compare_20260519/anchor0624_dataset_param_appendix/param_val_dists_45678_seed321_t480k/geoexplorer.pt
param_val_dists_45678_seed321_t480k,param_val_dists,masa_plus_mmgag,321,480000,swissviewmonuments_aerial,0.4454901960784314,2.019607843137255,0.376,0.4722222222222222,0.5033333333333333,0.49444444444444446,0.2833333333333333,/root/geoexplorer/results/checkpoint/appendix_compare_20260519/anchor0624_dataset_param_appendix/param_val_dists_45678_seed321_t480k/geoexplorer.pt
param_val_dists_45678_seed321_t480k,param_val_dists,masa_plus_mmgag,321,480000,swissviewmonuments_ground,0.44313725490196076,2.0384313725490197,0.37333333333333335,0.48055555555555557,0.5166666666666667,0.4444444444444444,0.2833333333333333,/root/geoexplorer/results/checkpoint/appendix_compare_20260519/anchor0624_dataset_param_appendix/param_val_dists_45678_seed321_t480k/geoexplorer.pt
param_val_dists_45678_seed321_t480k,param_val_dists,masa_plus_mmgag,321,480000,xbd_pre_aerial,0.41835,2.17645,0.35875,0.41425,0.47625,0.4835,0.359,/root/geoexplorer/results/checkpoint/appendix_compare_20260519/anchor0624_dataset_param_appendix/param_val_dists_45678_seed321_t480k/geoexplorer.pt
param_val_dists_45678_seed321_t480k,param_val_dists,masa_plus_mmgag,321,480000,xbd_disaster_aerial,0.43455,2.1112,0.3745,0.43025,0.4955,0.49425,0.37825,/root/geoexplorer/results/checkpoint/appendix_compare_20260519/anchor0624_dataset_param_appendix/param_val_dists_45678_seed321_t480k/geoexplorer.pt
param_val_dists_678_seed321_t480k,param_val_dists,masa_plus_mmgag,321,480000,masa_aerial,0.568,1.3,0.34,0.46,0.5,0.68,0.86,/root/geoexplorer/results/checkpoint/appendix_compare_20260519/anchor0624_dataset_param_appendix/param_val_dists_678_seed321_t480k/geoexplorer.pt
param_val_dists_678_seed321_t480k,param_val_dists,masa_plus_mmgag,321,480000,mmgag_aerial,0.556595744680851,1.3940425531914893,0.2765957446808511,0.35319148936170214,0.5957446808510638,0.7191489361702128,0.8382978723404255,/root/geoexplorer/results/checkpoint/appendix_compare_20260519/anchor0624_dataset_param_appendix/param_val_dists_678_seed321_t480k/geoexplorer.pt
param_val_dists_678_seed321_t480k,param_val_dists,masa_plus_mmgag,321,480000,mmgag_ground,0.56,1.363404255319149,0.2723404255319149,0.3659574468085106,0.5872340425531914,0.7489361702127659,0.825531914893617,/root/geoexplorer/results/checkpoint/appendix_compare_20260519/anchor0624_dataset_param_appendix/param_val_dists_678_seed321_t480k/geoexplorer.pt
param_val_dists_678_seed321_t480k,param_val_dists,masa_plus_mmgag,321,480000,mmgag_text,0.5438297872340425,1.4085106382978723,0.2978723404255319,0.35319148936170214,0.5531914893617021,0.6978723404255319,0.8170212765957446,/root/geoexplorer/results/checkpoint/appendix_compare_20260519/anchor0624_dataset_param_appendix/param_val_dists_678_seed321_t480k/geoexplorer.pt
param_val_dists_678_seed321_t480k,param_val_dists,masa_plus_mmgag,321,480000,swissview100_aerial,0.5292,1.5832,0.354,0.376,0.558,0.688,0.67,/root/geoexplorer/results/checkpoint/appendix_compare_20260519/anchor0624_dataset_param_appendix/param_val_dists_678_seed321_t480k/geoexplorer.pt
param_val_dists_678_seed321_t480k,param_val_dists,masa_plus_mmgag,321,480000,swissviewmonuments_aerial,0.47843137254901963,1.7027450980392156,0.29333333333333333,0.4583333333333333,0.59,0.6666666666666666,0.6333333333333333,/root/geoexplorer/results/checkpoint/appendix_compare_20260519/anchor0624_dataset_param_appendix/param_val_dists_678_seed321_t480k/geoexplorer.pt
param_val_dists_678_seed321_t480k,param_val_dists,masa_plus_mmgag,321,480000,swissviewmonuments_ground,0.48,1.6666666666666667,0.288,0.45555555555555555,0.59,0.6722222222222223,0.7,/root/geoexplorer/results/checkpoint/appendix_compare_20260519/anchor0624_dataset_param_appendix/param_val_dists_678_seed321_t480k/geoexplorer.pt
param_val_dists_678_seed321_t480k,param_val_dists,masa_plus_mmgag,321,480000,xbd_pre_aerial,0.5305,1.54105,0.29775,0.37575,0.5575,0.6965,0.725,/root/geoexplorer/results/checkpoint/appendix_compare_20260519/anchor0624_dataset_param_appendix/param_val_dists_678_seed321_t480k/geoexplorer.pt
param_val_dists_678_seed321_t480k,param_val_dists,masa_plus_mmgag,321,480000,xbd_disaster_aerial,0.5542,1.4505,0.31,0.3865,0.58325,0.7255,0.76575,/root/geoexplorer/results/checkpoint/appendix_compare_20260519/anchor0624_dataset_param_appendix/param_val_dists_678_seed321_t480k/geoexplorer.pt
param_budget_240k_seed321_t240k,param_budget,masa_plus_mmgag,321,240000,masa_aerial,0.528,1.404,0.32,0.42,0.48,0.68,0.74,/root/geoexplorer/results/checkpoint/appendix_compare_20260519/anchor0624_dataset_param_appendix/param_budget_240k_seed321_t240k/geoexplorer.pt
param_budget_240k_seed321_t240k,param_budget,masa_plus_mmgag,321,240000,mmgag_aerial,0.4876595744680851,1.6782978723404256,0.31063829787234043,0.39148936170212767,0.4851063829787234,0.6638297872340425,0.5872340425531914,/root/geoexplorer/results/checkpoint/appendix_compare_20260519/anchor0624_dataset_param_appendix/param_budget_240k_seed321_t240k/geoexplorer.pt
param_budget_240k_seed321_t240k,param_budget,masa_plus_mmgag,321,240000,mmgag_ground,0.49106382978723406,1.636595744680851,0.2936170212765957,0.33191489361702126,0.5702127659574469,0.6425531914893617,0.6170212765957447,/root/geoexplorer/results/checkpoint/appendix_compare_20260519/anchor0624_dataset_param_appendix/param_budget_240k_seed321_t240k/geoexplorer.pt
param_budget_240k_seed321_t240k,param_budget,masa_plus_mmgag,321,240000,mmgag_text,0.4723404255319149,1.7302127659574469,0.26382978723404255,0.43829787234042555,0.5234042553191489,0.5872340425531914,0.548936170212766,/root/geoexplorer/results/checkpoint/appendix_compare_20260519/anchor0624_dataset_param_appendix/param_budget_240k_seed321_t240k/geoexplorer.pt
param_budget_240k_seed321_t240k,param_budget,masa_plus_mmgag,321,240000,swissview100_aerial,0.4844,1.6184,0.338,0.396,0.542,0.628,0.518,/root/geoexplorer/results/checkpoint/appendix_compare_20260519/anchor0624_dataset_param_appendix/param_budget_240k_seed321_t240k/geoexplorer.pt
param_budget_240k_seed321_t240k,param_budget,masa_plus_mmgag,321,240000,swissviewmonuments_aerial,0.48470588235294115,1.660392156862745,0.3333333333333333,0.48055555555555557,0.5766666666666667,0.6222222222222222,0.5833333333333334,/root/geoexplorer/results/checkpoint/appendix_compare_20260519/anchor0624_dataset_param_appendix/param_budget_240k_seed321_t240k/geoexplorer.pt
param_budget_240k_seed321_t240k,param_budget,masa_plus_mmgag,321,240000,swissviewmonuments_ground,0.47058823529411764,1.7058823529411764,0.328,0.46944444444444444,0.55,0.6222222222222222,0.5166666666666667,/root/geoexplorer/results/checkpoint/appendix_compare_20260519/anchor0624_dataset_param_appendix/param_budget_240k_seed321_t240k/geoexplorer.pt
param_budget_240k_seed321_t240k,param_budget,masa_plus_mmgag,321,240000,xbd_pre_aerial,0.5087,1.54805,0.30775,0.3995,0.54325,0.65475,0.63825,/root/geoexplorer/results/checkpoint/appendix_compare_20260519/anchor0624_dataset_param_appendix/param_budget_240k_seed321_t240k/geoexplorer.pt
param_budget_240k_seed321_t240k,param_budget,masa_plus_mmgag,321,240000,xbd_disaster_aerial,0.50325,1.6172,0.313,0.40525,0.54525,0.63875,0.614,/root/geoexplorer/results/checkpoint/appendix_compare_20260519/anchor0624_dataset_param_appendix/param_budget_240k_seed321_t240k/geoexplorer.pt
param_budget_720k_seed321_t720k,param_budget,masa_plus_mmgag,321,720000,masa_aerial,0.58,1.156,0.38,0.26,0.58,0.76,0.92,/root/geoexplorer/results/checkpoint/appendix_compare_20260519/anchor0624_dataset_param_appendix/param_budget_720k_seed321_t720k/geoexplorer.pt
param_budget_720k_seed321_t720k,param_budget,masa_plus_mmgag,321,720000,mmgag_aerial,0.6110638297872341,1.1472340425531915,0.2936170212765957,0.3872340425531915,0.6297872340425532,0.8042553191489362,0.9404255319148936,/root/geoexplorer/results/checkpoint/appendix_compare_20260519/anchor0624_dataset_param_appendix/param_budget_720k_seed321_t720k/geoexplorer.pt
param_budget_720k_seed321_t720k,param_budget,masa_plus_mmgag,321,720000,mmgag_ground,0.6093617021276596,1.1702127659574468,0.24680851063829787,0.3617021276595745,0.6553191489361702,0.8595744680851064,0.9234042553191489,/root/geoexplorer/results/checkpoint/appendix_compare_20260519/anchor0624_dataset_param_appendix/param_budget_720k_seed321_t720k/geoexplorer.pt
param_budget_720k_seed321_t720k,param_budget,masa_plus_mmgag,321,720000,mmgag_text,0.5821276595744681,1.221276595744681,0.2170212765957447,0.39574468085106385,0.6297872340425532,0.8,0.8680851063829788,/root/geoexplorer/results/checkpoint/appendix_compare_20260519/anchor0624_dataset_param_appendix/param_budget_720k_seed321_t720k/geoexplorer.pt
param_budget_720k_seed321_t720k,param_budget,masa_plus_mmgag,321,720000,swissview100_aerial,0.5692,1.31,0.292,0.362,0.612,0.764,0.816,/root/geoexplorer/results/checkpoint/appendix_compare_20260519/anchor0624_dataset_param_appendix/param_budget_720k_seed321_t720k/geoexplorer.pt
param_budget_720k_seed321_t720k,param_budget,masa_plus_mmgag,321,720000,swissviewmonuments_aerial,0.4988235294117647,1.5129411764705882,0.30933333333333335,0.4361111111111111,0.6233333333333333,0.7222222222222222,0.7666666666666667,/root/geoexplorer/results/checkpoint/appendix_compare_20260519/anchor0624_dataset_param_appendix/param_budget_720k_seed321_t720k/geoexplorer.pt
param_budget_720k_seed321_t720k,param_budget,masa_plus_mmgag,321,720000,swissviewmonuments_ground,0.4996078431372549,1.492549019607843,0.31466666666666665,0.44166666666666665,0.61,0.7222222222222222,0.7833333333333333,/root/geoexplorer/results/checkpoint/appendix_compare_20260519/anchor0624_dataset_param_appendix/param_budget_720k_seed321_t720k/geoexplorer.pt
param_budget_720k_seed321_t720k,param_budget,masa_plus_mmgag,321,720000,xbd_pre_aerial,0.5753,1.2875,0.283,0.37875,0.5965,0.78575,0.8325,/root/geoexplorer/results/checkpoint/appendix_compare_20260519/anchor0624_dataset_param_appendix/param_budget_720k_seed321_t720k/geoexplorer.pt
param_budget_720k_seed321_t720k,param_budget,masa_plus_mmgag,321,720000,xbd_disaster_aerial,0.5798,1.26815,0.27825,0.389,0.606,0.77725,0.8485,/root/geoexplorer/results/checkpoint/appendix_compare_20260519/anchor0624_dataset_param_appendix/param_budget_720k_seed321_t720k/geoexplorer.pt
seed_stability_seed123_t480k,seed_stability,masa_plus_mmgag,123,480000,masa_aerial,0.568,1.252,0.24,0.32,0.62,0.78,0.88,/root/geoexplorer/results/checkpoint/appendix_compare_20260519/anchor0624_dataset_param_appendix/seed_stability_seed123_t480k/geoexplorer.pt
seed_stability_seed123_t480k,seed_stability,masa_plus_mmgag,123,480000,mmgag_aerial,0.5795744680851064,1.3353191489361702,0.28936170212765955,0.40425531914893614,0.6042553191489362,0.7659574468085106,0.8340425531914893,/root/geoexplorer/results/checkpoint/appendix_compare_20260519/anchor0624_dataset_param_appendix/seed_stability_seed123_t480k/geoexplorer.pt
seed_stability_seed123_t480k,seed_stability,masa_plus_mmgag,123,480000,mmgag_ground,0.5651063829787234,1.3693617021276596,0.2680851063829787,0.3702127659574468,0.5957446808510638,0.7574468085106383,0.8340425531914893,/root/geoexplorer/results/checkpoint/appendix_compare_20260519/anchor0624_dataset_param_appendix/seed_stability_seed123_t480k/geoexplorer.pt
seed_stability_seed123_t480k,seed_stability,masa_plus_mmgag,123,480000,mmgag_text,0.548936170212766,1.44,0.3021276595744681,0.39148936170212767,0.5659574468085107,0.7489361702127659,0.7361702127659574,/root/geoexplorer/results/checkpoint/appendix_compare_20260519/anchor0624_dataset_param_appendix/seed_stability_seed123_t480k/geoexplorer.pt
seed_stability_seed123_t480k,seed_stability,masa_plus_mmgag,123,480000,swissview100_aerial,0.5572,1.4736,0.344,0.378,0.598,0.746,0.72,/root/geoexplorer/results/checkpoint/appendix_compare_20260519/anchor0624_dataset_param_appendix/seed_stability_seed123_t480k/geoexplorer.pt
seed_stability_seed123_t480k,seed_stability,masa_plus_mmgag,123,480000,swissviewmonuments_aerial,0.5317647058823529,1.5301960784313726,0.3546666666666667,0.5138888888888888,0.5933333333333334,0.7666666666666667,0.7333333333333333,/root/geoexplorer/results/checkpoint/appendix_compare_20260519/anchor0624_dataset_param_appendix/seed_stability_seed123_t480k/geoexplorer.pt
seed_stability_seed123_t480k,seed_stability,masa_plus_mmgag,123,480000,swissviewmonuments_ground,0.5294117647058824,1.507450980392157,0.336,0.46944444444444444,0.6466666666666666,0.7833333333333333,0.75,/root/geoexplorer/results/checkpoint/appendix_compare_20260519/anchor0624_dataset_param_appendix/seed_stability_seed123_t480k/geoexplorer.pt
seed_stability_seed123_t480k,seed_stability,masa_plus_mmgag,123,480000,xbd_pre_aerial,0.56205,1.4051,0.30925,0.39925,0.5925,0.75025,0.759,/root/geoexplorer/results/checkpoint/appendix_compare_20260519/anchor0624_dataset_param_appendix/seed_stability_seed123_t480k/geoexplorer.pt
seed_stability_seed123_t480k,seed_stability,masa_plus_mmgag,123,480000,xbd_disaster_aerial,0.5694,1.37525,0.3065,0.39625,0.59575,0.7665,0.782,/root/geoexplorer/results/checkpoint/appendix_compare_20260519/anchor0624_dataset_param_appendix/seed_stability_seed123_t480k/geoexplorer.pt
seed_stability_seed42_t480k,seed_stability,masa_plus_mmgag,42,480000,masa_aerial,0.528,1.412,0.38,0.38,0.5,0.68,0.7,/root/geoexplorer/results/checkpoint/appendix_compare_20260519/anchor0624_dataset_param_appendix/seed_stability_seed42_t480k/geoexplorer.pt
seed_stability_seed42_t480k,seed_stability,masa_plus_mmgag,42,480000,mmgag_aerial,0.4808510638297872,1.6340425531914893,0.2680851063829787,0.35319148936170214,0.49361702127659574,0.5914893617021276,0.6978723404255319,/root/geoexplorer/results/checkpoint/appendix_compare_20260519/anchor0624_dataset_param_appendix/seed_stability_seed42_t480k/geoexplorer.pt
seed_stability_seed42_t480k,seed_stability,masa_plus_mmgag,42,480000,mmgag_ground,0.4808510638297872,1.661276595744681,0.3148936170212766,0.37446808510638296,0.5063829787234042,0.5787234042553191,0.6297872340425532,/root/geoexplorer/results/checkpoint/appendix_compare_20260519/anchor0624_dataset_param_appendix/seed_stability_seed42_t480k/geoexplorer.pt
seed_stability_seed42_t480k,seed_stability,masa_plus_mmgag,42,480000,mmgag_text,0.4570212765957447,1.7965957446808511,0.2680851063829787,0.3872340425531915,0.48936170212765956,0.5446808510638298,0.5957446808510638,/root/geoexplorer/results/checkpoint/appendix_compare_20260519/anchor0624_dataset_param_appendix/seed_stability_seed42_t480k/geoexplorer.pt
seed_stability_seed42_t480k,seed_stability,masa_plus_mmgag,42,480000,swissview100_aerial,0.4424,2.0484,0.394,0.404,0.5,0.49,0.424,/root/geoexplorer/results/checkpoint/appendix_compare_20260519/anchor0624_dataset_param_appendix/seed_stability_seed42_t480k/geoexplorer.pt
seed_stability_seed42_t480k,seed_stability,masa_plus_mmgag,42,480000,swissviewmonuments_aerial,0.44,1.8925490196078432,0.328,0.44166666666666665,0.5166666666666667,0.5111111111111111,0.5333333333333333,/root/geoexplorer/results/checkpoint/appendix_compare_20260519/anchor0624_dataset_param_appendix/seed_stability_seed42_t480k/geoexplorer.pt
seed_stability_seed42_t480k,seed_stability,masa_plus_mmgag,42,480000,swissviewmonuments_ground,0.4533333333333333,1.8,0.32266666666666666,0.45,0.5533333333333333,0.5388888888888889,0.5333333333333333,/root/geoexplorer/results/checkpoint/appendix_compare_20260519/anchor0624_dataset_param_appendix/seed_stability_seed42_t480k/geoexplorer.pt
seed_stability_seed42_t480k,seed_stability,masa_plus_mmgag,42,480000,xbd_pre_aerial,0.47,1.82185,0.315,0.378,0.497,0.57075,0.58925,/root/geoexplorer/results/checkpoint/appendix_compare_20260519/anchor0624_dataset_param_appendix/seed_stability_seed42_t480k/geoexplorer.pt
seed_stability_seed42_t480k,seed_stability,masa_plus_mmgag,42,480000,xbd_disaster_aerial,0.4905,1.7286,0.32375,0.3905,0.52575,0.587,0.6255,/root/geoexplorer/results/checkpoint/appendix_compare_20260519/anchor0624_dataset_param_appendix/seed_stability_seed42_t480k/geoexplorer.pt
