run,group,trainset_key,seed,target_steps,benchmark,sr,sg,d4,d5,d6,d7,d8,checkpoint
gate_floor_dense_0_seed321_t480k,gate_floor_dense,masa_plus_mmgag,321,480000,masa_aerial,0.46,1.896,0.3,0.32,0.52,0.64,0.52,/root/geoexplorer/results/checkpoint/appendix_compare_20260519/anchor0624_gate_valdist_dense_followup/gate_floor_dense_0_seed321_t480k/geoexplorer.pt
gate_floor_dense_0_seed321_t480k,gate_floor_dense,masa_plus_mmgag,321,480000,mmgag_aerial,0.5012765957446809,1.8272340425531914,0.3702127659574468,0.41702127659574467,0.5148936170212766,0.6085106382978723,0.5957446808510638,/root/geoexplorer/results/checkpoint/appendix_compare_20260519/anchor0624_gate_valdist_dense_followup/gate_floor_dense_0_seed321_t480k/geoexplorer.pt
gate_floor_dense_0_seed321_t480k,gate_floor_dense,masa_plus_mmgag,321,480000,mmgag_ground,0.4927659574468085,1.793191489361702,0.34893617021276596,0.42127659574468085,0.5319148936170213,0.5617021276595745,0.6,/root/geoexplorer/results/checkpoint/appendix_compare_20260519/anchor0624_gate_valdist_dense_followup/gate_floor_dense_0_seed321_t480k/geoexplorer.pt
gate_floor_dense_0_seed321_t480k,gate_floor_dense,masa_plus_mmgag,321,480000,mmgag_text,0.47914893617021276,1.887659574468085,0.3404255319148936,0.4085106382978723,0.5319148936170213,0.5617021276595745,0.5531914893617021,/root/geoexplorer/results/checkpoint/appendix_compare_20260519/anchor0624_gate_valdist_dense_followup/gate_floor_dense_0_seed321_t480k/geoexplorer.pt
gate_floor_dense_0_seed321_t480k,gate_floor_dense,masa_plus_mmgag,321,480000,swissview100_aerial,0.436,2.2436,0.438,0.46,0.532,0.498,0.252,/root/geoexplorer/results/checkpoint/appendix_compare_20260519/anchor0624_gate_valdist_dense_followup/gate_floor_dense_0_seed321_t480k/geoexplorer.pt
gate_floor_dense_0_seed321_t480k,gate_floor_dense,masa_plus_mmgag,321,480000,swissviewmonuments_aerial,0.47215686274509805,1.8784313725490196,0.392,0.4638888888888889,0.53,0.5666666666666667,0.45,/root/geoexplorer/results/checkpoint/appendix_compare_20260519/anchor0624_gate_valdist_dense_followup/gate_floor_dense_0_seed321_t480k/geoexplorer.pt
gate_floor_dense_0_seed321_t480k,gate_floor_dense,masa_plus_mmgag,321,480000,swissviewmonuments_ground,0.49411764705882355,1.8007843137254902,0.4053333333333333,0.49166666666666664,0.5633333333333334,0.5833333333333334,0.45,/root/geoexplorer/results/checkpoint/appendix_compare_20260519/anchor0624_gate_valdist_dense_followup/gate_floor_dense_0_seed321_t480k/geoexplorer.pt
gate_floor_dense_0_seed321_t480k,gate_floor_dense,masa_plus_mmgag,321,480000,xbd_pre_aerial,0.4598,1.98095,0.35125,0.4075,0.507,0.53625,0.497,/root/geoexplorer/results/checkpoint/appendix_compare_20260519/anchor0624_gate_valdist_dense_followup/gate_floor_dense_0_seed321_t480k/geoexplorer.pt
gate_floor_dense_0_seed321_t480k,gate_floor_dense,masa_plus_mmgag,321,480000,xbd_disaster_aerial,0.47585,1.91895,0.3695,0.42025,0.512,0.556,0.5215,/root/geoexplorer/results/checkpoint/appendix_compare_20260519/anchor0624_gate_valdist_dense_followup/gate_floor_dense_0_seed321_t480k/geoexplorer.pt
gate_floor_dense_0p1_seed321_t480k,gate_floor_dense,masa_plus_mmgag,321,480000,masa_aerial,0.512,1.684,0.32,0.38,0.52,0.68,0.66,/root/geoexplorer/results/checkpoint/appendix_compare_20260519/anchor0624_gate_valdist_dense_followup/gate_floor_dense_0p1_seed321_t480k/geoexplorer.pt
gate_floor_dense_0p1_seed321_t480k,gate_floor_dense,masa_plus_mmgag,321,480000,mmgag_aerial,0.4927659574468085,1.8595744680851063,0.3276595744680851,0.46382978723404256,0.5617021276595745,0.5957446808510638,0.5148936170212766,/root/geoexplorer/results/checkpoint/appendix_compare_20260519/anchor0624_gate_valdist_dense_followup/gate_floor_dense_0p1_seed321_t480k/geoexplorer.pt
gate_floor_dense_0p1_seed321_t480k,gate_floor_dense,masa_plus_mmgag,321,480000,mmgag_ground,0.49446808510638296,1.8382978723404255,0.3148936170212766,0.43829787234042555,0.5446808510638298,0.6340425531914894,0.5404255319148936,/root/geoexplorer/results/checkpoint/appendix_compare_20260519/anchor0624_gate_valdist_dense_followup/gate_floor_dense_0p1_seed321_t480k/geoexplorer.pt
gate_floor_dense_0p1_seed321_t480k,gate_floor_dense,masa_plus_mmgag,321,480000,mmgag_text,0.45787234042553193,2.0306382978723403,0.3021276595744681,0.4297872340425532,0.5361702127659574,0.5319148936170213,0.48936170212765956,/root/geoexplorer/results/checkpoint/appendix_compare_20260519/anchor0624_gate_valdist_dense_followup/gate_floor_dense_0p1_seed321_t480k/geoexplorer.pt
gate_floor_dense_0p1_seed321_t480k,gate_floor_dense,masa_plus_mmgag,321,480000,swissview100_aerial,0.4828,2.0664,0.42,0.444,0.594,0.572,0.384,/root/geoexplorer/results/checkpoint/appendix_compare_20260519/anchor0624_gate_valdist_dense_followup/gate_floor_dense_0p1_seed321_t480k/geoexplorer.pt
gate_floor_dense_0p1_seed321_t480k,gate_floor_dense,masa_plus_mmgag,321,480000,swissviewmonuments_aerial,0.4549019607843137,1.9796078431372548,0.344,0.4444444444444444,0.5566666666666666,0.5666666666666667,0.36666666666666664,/root/geoexplorer/results/checkpoint/appendix_compare_20260519/anchor0624_gate_valdist_dense_followup/gate_floor_dense_0p1_seed321_t480k/geoexplorer.pt
gate_floor_dense_0p1_seed321_t480k,gate_floor_dense,masa_plus_mmgag,321,480000,swissviewmonuments_ground,0.46431372549019606,1.9152941176470588,0.34933333333333333,0.42777777777777776,0.56,0.6222222222222222,0.45,/root/geoexplorer/results/checkpoint/appendix_compare_20260519/anchor0624_gate_valdist_dense_followup/gate_floor_dense_0p1_seed321_t480k/geoexplorer.pt
gate_floor_dense_0p1_seed321_t480k,gate_floor_dense,masa_plus_mmgag,321,480000,xbd_pre_aerial,0.48395,1.94015,0.36475,0.43425,0.5535,0.5905,0.47675,/root/geoexplorer/results/checkpoint/appendix_compare_20260519/anchor0624_gate_valdist_dense_followup/gate_floor_dense_0p1_seed321_t480k/geoexplorer.pt
gate_floor_dense_0p1_seed321_t480k,gate_floor_dense,masa_plus_mmgag,321,480000,xbd_disaster_aerial,0.4886,1.92105,0.3665,0.4395,0.562,0.60375,0.47125,/root/geoexplorer/results/checkpoint/appendix_compare_20260519/anchor0624_gate_valdist_dense_followup/gate_floor_dense_0p1_seed321_t480k/geoexplorer.pt
gate_floor_dense_0p2_seed321_t480k,gate_floor_dense,masa_plus_mmgag,321,480000,masa_aerial,0.532,1.544,0.28,0.28,0.56,0.72,0.82,/root/geoexplorer/results/checkpoint/appendix_compare_20260519/anchor0624_gate_valdist_dense_followup/gate_floor_dense_0p2_seed321_t480k/geoexplorer.pt
gate_floor_dense_0p2_seed321_t480k,gate_floor_dense,masa_plus_mmgag,321,480000,mmgag_aerial,0.5395744680851063,1.4629787234042553,0.3191489361702128,0.33617021276595743,0.5404255319148936,0.7063829787234043,0.7957446808510639,/root/geoexplorer/results/checkpoint/appendix_compare_20260519/anchor0624_gate_valdist_dense_followup/gate_floor_dense_0p2_seed321_t480k/geoexplorer.pt
gate_floor_dense_0p2_seed321_t480k,gate_floor_dense,masa_plus_mmgag,321,480000,mmgag_ground,0.5276595744680851,1.4459574468085106,0.251063829787234,0.3276595744680851,0.5404255319148936,0.7148936170212766,0.8042553191489362,/root/geoexplorer/results/checkpoint/appendix_compare_20260519/anchor0624_gate_valdist_dense_followup/gate_floor_dense_0p2_seed321_t480k/geoexplorer.pt
gate_floor_dense_0p2_seed321_t480k,gate_floor_dense,masa_plus_mmgag,321,480000,mmgag_text,0.5157446808510638,1.531063829787234,0.3021276595744681,0.30638297872340425,0.5234042553191489,0.676595744680851,0.7702127659574468,/root/geoexplorer/results/checkpoint/appendix_compare_20260519/anchor0624_gate_valdist_dense_followup/gate_floor_dense_0p2_seed321_t480k/geoexplorer.pt
gate_floor_dense_0p2_seed321_t480k,gate_floor_dense,masa_plus_mmgag,321,480000,swissview100_aerial,0.5216,1.5776,0.306,0.392,0.554,0.652,0.704,/root/geoexplorer/results/checkpoint/appendix_compare_20260519/anchor0624_gate_valdist_dense_followup/gate_floor_dense_0p2_seed321_t480k/geoexplorer.pt
gate_floor_dense_0p2_seed321_t480k,gate_floor_dense,masa_plus_mmgag,321,480000,swissviewmonuments_aerial,0.4745098039215686,1.703529411764706,0.31733333333333336,0.45,0.5666666666666667,0.6333333333333333,0.6666666666666666,/root/geoexplorer/results/checkpoint/appendix_compare_20260519/anchor0624_gate_valdist_dense_followup/gate_floor_dense_0p2_seed321_t480k/geoexplorer.pt
gate_floor_dense_0p2_seed321_t480k,gate_floor_dense,masa_plus_mmgag,321,480000,swissviewmonuments_ground,0.483921568627451,1.6305882352941177,0.3253333333333333,0.4444444444444444,0.5833333333333334,0.6611111111111111,0.6833333333333333,/root/geoexplorer/results/checkpoint/appendix_compare_20260519/anchor0624_gate_valdist_dense_followup/gate_floor_dense_0p2_seed321_t480k/geoexplorer.pt
gate_floor_dense_0p2_seed321_t480k,gate_floor_dense,masa_plus_mmgag,321,480000,xbd_pre_aerial,0.5023,1.64255,0.2915,0.36425,0.50425,0.6415,0.71,/root/geoexplorer/results/checkpoint/appendix_compare_20260519/anchor0624_gate_valdist_dense_followup/gate_floor_dense_0p2_seed321_t480k/geoexplorer.pt
gate_floor_dense_0p2_seed321_t480k,gate_floor_dense,masa_plus_mmgag,321,480000,xbd_disaster_aerial,0.51935,1.56375,0.28975,0.35775,0.51975,0.6805,0.749,/root/geoexplorer/results/checkpoint/appendix_compare_20260519/anchor0624_gate_valdist_dense_followup/gate_floor_dense_0p2_seed321_t480k/geoexplorer.pt
gate_floor_dense_0p3_seed321_t480k,gate_floor_dense,masa_plus_mmgag,321,480000,masa_aerial,0.42,2.2,0.34,0.36,0.46,0.52,0.42,/root/geoexplorer/results/checkpoint/appendix_compare_20260519/anchor0624_gate_valdist_dense_followup/gate_floor_dense_0p3_seed321_t480k/geoexplorer.pt
gate_floor_dense_0p3_seed321_t480k,gate_floor_dense,masa_plus_mmgag,321,480000,mmgag_aerial,0.46127659574468083,1.9685106382978723,0.39148936170212767,0.41702127659574467,0.5191489361702127,0.5148936170212766,0.46382978723404256,/root/geoexplorer/results/checkpoint/appendix_compare_20260519/anchor0624_gate_valdist_dense_followup/gate_floor_dense_0p3_seed321_t480k/geoexplorer.pt
gate_floor_dense_0p3_seed321_t480k,gate_floor_dense,masa_plus_mmgag,321,480000,mmgag_ground,0.465531914893617,2.014468085106383,0.3829787234042553,0.4297872340425532,0.5446808510638298,0.5106382978723404,0.4595744680851064,/root/geoexplorer/results/checkpoint/appendix_compare_20260519/anchor0624_gate_valdist_dense_followup/gate_floor_dense_0p3_seed321_t480k/geoexplorer.pt
gate_floor_dense_0p3_seed321_t480k,gate_floor_dense,masa_plus_mmgag,321,480000,mmgag_text,0.45276595744680853,2.0817021276595744,0.4340425531914894,0.425531914893617,0.48936170212765956,0.49361702127659574,0.42127659574468085,/root/geoexplorer/results/checkpoint/appendix_compare_20260519/anchor0624_gate_valdist_dense_followup/gate_floor_dense_0p3_seed321_t480k/geoexplorer.pt
gate_floor_dense_0p3_seed321_t480k,gate_floor_dense,masa_plus_mmgag,321,480000,swissview100_aerial,0.516,1.8768,0.436,0.524,0.59,0.6,0.43,/root/geoexplorer/results/checkpoint/appendix_compare_20260519/anchor0624_gate_valdist_dense_followup/gate_floor_dense_0p3_seed321_t480k/geoexplorer.pt
gate_floor_dense_0p3_seed321_t480k,gate_floor_dense,masa_plus_mmgag,321,480000,swissviewmonuments_aerial,0.45803921568627454,1.883921568627451,0.384,0.4361111111111111,0.5233333333333333,0.5611111111111111,0.4166666666666667,/root/geoexplorer/results/checkpoint/appendix_compare_20260519/anchor0624_gate_valdist_dense_followup/gate_floor_dense_0p3_seed321_t480k/geoexplorer.pt
gate_floor_dense_0p3_seed321_t480k,gate_floor_dense,masa_plus_mmgag,321,480000,swissviewmonuments_ground,0.5011764705882353,1.708235294117647,0.4,0.4888888888888889,0.59,0.6,0.4666666666666667,/root/geoexplorer/results/checkpoint/appendix_compare_20260519/anchor0624_gate_valdist_dense_followup/gate_floor_dense_0p3_seed321_t480k/geoexplorer.pt
gate_floor_dense_0p3_seed321_t480k,gate_floor_dense,masa_plus_mmgag,321,480000,xbd_pre_aerial,0.4699,1.9632,0.37575,0.437,0.54975,0.5555,0.4315,/root/geoexplorer/results/checkpoint/appendix_compare_20260519/anchor0624_gate_valdist_dense_followup/gate_floor_dense_0p3_seed321_t480k/geoexplorer.pt
gate_floor_dense_0p3_seed321_t480k,gate_floor_dense,masa_plus_mmgag,321,480000,xbd_disaster_aerial,0.47295,1.9508,0.37825,0.439,0.5335,0.5635,0.4505,/root/geoexplorer/results/checkpoint/appendix_compare_20260519/anchor0624_gate_valdist_dense_followup/gate_floor_dense_0p3_seed321_t480k/geoexplorer.pt
gate_floor_dense_0p4_seed321_t480k,gate_floor_dense,masa_plus_mmgag,321,480000,masa_aerial,0.576,1.24,0.34,0.26,0.62,0.82,0.84,/root/geoexplorer/results/checkpoint/appendix_compare_20260519/anchor0624_gate_valdist_dense_followup/gate_floor_dense_0p4_seed321_t480k/geoexplorer.pt
gate_floor_dense_0p4_seed321_t480k,gate_floor_dense,masa_plus_mmgag,321,480000,mmgag_aerial,0.5897872340425532,1.2272340425531916,0.28936170212765955,0.40425531914893614,0.6085106382978723,0.8127659574468085,0.8340425531914893,/root/geoexplorer/results/checkpoint/appendix_compare_20260519/anchor0624_gate_valdist_dense_followup/gate_floor_dense_0p4_seed321_t480k/geoexplorer.pt
gate_floor_dense_0p4_seed321_t480k,gate_floor_dense,masa_plus_mmgag,321,480000,mmgag_ground,0.5736170212765958,1.2485106382978723,0.2297872340425532,0.3446808510638298,0.6297872340425532,0.8595744680851064,0.8042553191489362,/root/geoexplorer/results/checkpoint/appendix_compare_20260519/anchor0624_gate_valdist_dense_followup/gate_floor_dense_0p4_seed321_t480k/geoexplorer.pt
gate_floor_dense_0p4_seed321_t480k,gate_floor_dense,masa_plus_mmgag,321,480000,mmgag_text,0.5472340425531915,1.3114893617021277,0.25957446808510637,0.3617021276595745,0.574468085106383,0.7659574468085106,0.774468085106383,/root/geoexplorer/results/checkpoint/appendix_compare_20260519/anchor0624_gate_valdist_dense_followup/gate_floor_dense_0p4_seed321_t480k/geoexplorer.pt
gate_floor_dense_0p4_seed321_t480k,gate_floor_dense,masa_plus_mmgag,321,480000,swissview100_aerial,0.5292,1.4832,0.324,0.382,0.556,0.722,0.662,/root/geoexplorer/results/checkpoint/appendix_compare_20260519/anchor0624_gate_valdist_dense_followup/gate_floor_dense_0p4_seed321_t480k/geoexplorer.pt
gate_floor_dense_0p4_seed321_t480k,gate_floor_dense,masa_plus_mmgag,321,480000,swissviewmonuments_aerial,0.5247058823529411,1.5372549019607844,0.3333333333333333,0.46944444444444444,0.6733333333333333,0.7166666666666667,0.7333333333333333,/root/geoexplorer/results/checkpoint/appendix_compare_20260519/anchor0624_gate_valdist_dense_followup/gate_floor_dense_0p4_seed321_t480k/geoexplorer.pt
gate_floor_dense_0p4_seed321_t480k,gate_floor_dense,masa_plus_mmgag,321,480000,swissviewmonuments_ground,0.5215686274509804,1.5207843137254902,0.3253333333333333,0.46944444444444444,0.67,0.7222222222222222,0.7166666666666667,/root/geoexplorer/results/checkpoint/appendix_compare_20260519/anchor0624_gate_valdist_dense_followup/gate_floor_dense_0p4_seed321_t480k/geoexplorer.pt
gate_floor_dense_0p4_seed321_t480k,gate_floor_dense,masa_plus_mmgag,321,480000,xbd_pre_aerial,0.56135,1.3656,0.30775,0.39875,0.594,0.74275,0.7635,/root/geoexplorer/results/checkpoint/appendix_compare_20260519/anchor0624_gate_valdist_dense_followup/gate_floor_dense_0p4_seed321_t480k/geoexplorer.pt
gate_floor_dense_0p4_seed321_t480k,gate_floor_dense,masa_plus_mmgag,321,480000,xbd_disaster_aerial,0.57185,1.3426,0.32225,0.40825,0.603,0.76075,0.765,/root/geoexplorer/results/checkpoint/appendix_compare_20260519/anchor0624_gate_valdist_dense_followup/gate_floor_dense_0p4_seed321_t480k/geoexplorer.pt
gate_floor_dense_0p6_seed321_t480k,gate_floor_dense,masa_plus_mmgag,321,480000,masa_aerial,0.584,1.228,0.3,0.32,0.56,0.86,0.88,/root/geoexplorer/results/checkpoint/appendix_compare_20260519/anchor0624_gate_valdist_dense_followup/gate_floor_dense_0p6_seed321_t480k/geoexplorer.pt
gate_floor_dense_0p6_seed321_t480k,gate_floor_dense,masa_plus_mmgag,321,480000,mmgag_aerial,0.5906382978723405,1.2187234042553192,0.3148936170212766,0.39574468085106385,0.574468085106383,0.8468085106382979,0.8212765957446808,/root/geoexplorer/results/checkpoint/appendix_compare_20260519/anchor0624_gate_valdist_dense_followup/gate_floor_dense_0p6_seed321_t480k/geoexplorer.pt
gate_floor_dense_0p6_seed321_t480k,gate_floor_dense,masa_plus_mmgag,321,480000,mmgag_ground,0.571063829787234,1.221276595744681,0.2553191489361702,0.34893617021276596,0.6042553191489362,0.8553191489361702,0.7914893617021277,/root/geoexplorer/results/checkpoint/appendix_compare_20260519/anchor0624_gate_valdist_dense_followup/gate_floor_dense_0p6_seed321_t480k/geoexplorer.pt
gate_floor_dense_0p6_seed321_t480k,gate_floor_dense,masa_plus_mmgag,321,480000,mmgag_text,0.5548936170212766,1.3106382978723403,0.28936170212765955,0.37872340425531914,0.5404255319148936,0.7702127659574468,0.7957446808510639,/root/geoexplorer/results/checkpoint/appendix_compare_20260519/anchor0624_gate_valdist_dense_followup/gate_floor_dense_0p6_seed321_t480k/geoexplorer.pt
gate_floor_dense_0p6_seed321_t480k,gate_floor_dense,masa_plus_mmgag,321,480000,swissview100_aerial,0.5332,1.4352,0.344,0.396,0.546,0.712,0.668,/root/geoexplorer/results/checkpoint/appendix_compare_20260519/anchor0624_gate_valdist_dense_followup/gate_floor_dense_0p6_seed321_t480k/geoexplorer.pt
gate_floor_dense_0p6_seed321_t480k,gate_floor_dense,masa_plus_mmgag,321,480000,swissviewmonuments_aerial,0.48549019607843136,1.5968627450980393,0.33066666666666666,0.43333333333333335,0.5966666666666667,0.6777777777777778,0.6333333333333333,/root/geoexplorer/results/checkpoint/appendix_compare_20260519/anchor0624_gate_valdist_dense_followup/gate_floor_dense_0p6_seed321_t480k/geoexplorer.pt
gate_floor_dense_0p6_seed321_t480k,gate_floor_dense,masa_plus_mmgag,321,480000,swissviewmonuments_ground,0.49333333333333335,1.556078431372549,0.33866666666666667,0.4388888888888889,0.6166666666666667,0.6666666666666666,0.65,/root/geoexplorer/results/checkpoint/appendix_compare_20260519/anchor0624_gate_valdist_dense_followup/gate_floor_dense_0p6_seed321_t480k/geoexplorer.pt
gate_floor_dense_0p6_seed321_t480k,gate_floor_dense,masa_plus_mmgag,321,480000,xbd_pre_aerial,0.56245,1.33225,0.3,0.397,0.6025,0.74575,0.767,/root/geoexplorer/results/checkpoint/appendix_compare_20260519/anchor0624_gate_valdist_dense_followup/gate_floor_dense_0p6_seed321_t480k/geoexplorer.pt
gate_floor_dense_0p6_seed321_t480k,gate_floor_dense,masa_plus_mmgag,321,480000,xbd_disaster_aerial,0.57265,1.31085,0.3025,0.40025,0.59725,0.763,0.80025,/root/geoexplorer/results/checkpoint/appendix_compare_20260519/anchor0624_gate_valdist_dense_followup/gate_floor_dense_0p6_seed321_t480k/geoexplorer.pt
gate_floor_dense_0p7_seed321_t480k,gate_floor_dense,masa_plus_mmgag,321,480000,masa_aerial,0.544,1.328,0.34,0.24,0.56,0.72,0.86,/root/geoexplorer/results/checkpoint/appendix_compare_20260519/anchor0624_gate_valdist_dense_followup/gate_floor_dense_0p7_seed321_t480k/geoexplorer.pt
gate_floor_dense_0p7_seed321_t480k,gate_floor_dense,masa_plus_mmgag,321,480000,mmgag_aerial,0.5353191489361702,1.3029787234042554,0.2680851063829787,0.3659574468085106,0.5404255319148936,0.7276595744680852,0.774468085106383,/root/geoexplorer/results/checkpoint/appendix_compare_20260519/anchor0624_gate_valdist_dense_followup/gate_floor_dense_0p7_seed321_t480k/geoexplorer.pt
gate_floor_dense_0p7_seed321_t480k,gate_floor_dense,masa_plus_mmgag,321,480000,mmgag_ground,0.5353191489361702,1.3370212765957448,0.25957446808510637,0.3829787234042553,0.5404255319148936,0.7276595744680852,0.7659574468085106,/root/geoexplorer/results/checkpoint/appendix_compare_20260519/anchor0624_gate_valdist_dense_followup/gate_floor_dense_0p7_seed321_t480k/geoexplorer.pt
gate_floor_dense_0p7_seed321_t480k,gate_floor_dense,masa_plus_mmgag,321,480000,mmgag_text,0.4868085106382979,1.5353191489361702,0.2425531914893617,0.3829787234042553,0.4595744680851064,0.6638297872340425,0.6851063829787234,/root/geoexplorer/results/checkpoint/appendix_compare_20260519/anchor0624_gate_valdist_dense_followup/gate_floor_dense_0p7_seed321_t480k/geoexplorer.pt
gate_floor_dense_0p7_seed321_t480k,gate_floor_dense,masa_plus_mmgag,321,480000,swissview100_aerial,0.5024,1.4864,0.32,0.326,0.516,0.662,0.688,/root/geoexplorer/results/checkpoint/appendix_compare_20260519/anchor0624_gate_valdist_dense_followup/gate_floor_dense_0p7_seed321_t480k/geoexplorer.pt
gate_floor_dense_0p7_seed321_t480k,gate_floor_dense,masa_plus_mmgag,321,480000,swissviewmonuments_aerial,0.4619607843137255,1.55921568627451,0.30666666666666664,0.4,0.5733333333333334,0.6444444444444445,0.7,/root/geoexplorer/results/checkpoint/appendix_compare_20260519/anchor0624_gate_valdist_dense_followup/gate_floor_dense_0p7_seed321_t480k/geoexplorer.pt
gate_floor_dense_0p7_seed321_t480k,gate_floor_dense,masa_plus_mmgag,321,480000,swissviewmonuments_ground,0.48,1.540392156862745,0.32266666666666666,0.43333333333333335,0.57,0.6777777777777778,0.7,/root/geoexplorer/results/checkpoint/appendix_compare_20260519/anchor0624_gate_valdist_dense_followup/gate_floor_dense_0p7_seed321_t480k/geoexplorer.pt
gate_floor_dense_0p7_seed321_t480k,gate_floor_dense,masa_plus_mmgag,321,480000,xbd_pre_aerial,0.5068,1.4883,0.26775,0.34025,0.5235,0.68575,0.71675,/root/geoexplorer/results/checkpoint/appendix_compare_20260519/anchor0624_gate_valdist_dense_followup/gate_floor_dense_0p7_seed321_t480k/geoexplorer.pt
gate_floor_dense_0p7_seed321_t480k,gate_floor_dense,masa_plus_mmgag,321,480000,xbd_disaster_aerial,0.5231,1.43605,0.28475,0.35725,0.53225,0.704,0.73725,/root/geoexplorer/results/checkpoint/appendix_compare_20260519/anchor0624_gate_valdist_dense_followup/gate_floor_dense_0p7_seed321_t480k/geoexplorer.pt
gate_floor_dense_0p8_seed321_t480k,gate_floor_dense,masa_plus_mmgag,321,480000,masa_aerial,0.604,1.156,0.32,0.32,0.66,0.82,0.9,/root/geoexplorer/results/checkpoint/appendix_compare_20260519/anchor0624_gate_valdist_dense_followup/gate_floor_dense_0p8_seed321_t480k/geoexplorer.pt
gate_floor_dense_0p8_seed321_t480k,gate_floor_dense,masa_plus_mmgag,321,480000,mmgag_aerial,0.5727659574468085,1.2680851063829788,0.3404255319148936,0.3574468085106383,0.5361702127659574,0.7914893617021277,0.8382978723404255,/root/geoexplorer/results/checkpoint/appendix_compare_20260519/anchor0624_gate_valdist_dense_followup/gate_floor_dense_0p8_seed321_t480k/geoexplorer.pt
gate_floor_dense_0p8_seed321_t480k,gate_floor_dense,masa_plus_mmgag,321,480000,mmgag_ground,0.5906382978723405,1.2204255319148936,0.2765957446808511,0.37446808510638296,0.574468085106383,0.8085106382978723,0.9191489361702128,/root/geoexplorer/results/checkpoint/appendix_compare_20260519/anchor0624_gate_valdist_dense_followup/gate_floor_dense_0p8_seed321_t480k/geoexplorer.pt
gate_floor_dense_0p8_seed321_t480k,gate_floor_dense,masa_plus_mmgag,321,480000,mmgag_text,0.5676595744680851,1.2868085106382978,0.33617021276595743,0.4,0.5702127659574469,0.7148936170212766,0.8170212765957446,/root/geoexplorer/results/checkpoint/appendix_compare_20260519/anchor0624_gate_valdist_dense_followup/gate_floor_dense_0p8_seed321_t480k/geoexplorer.pt
gate_floor_dense_0p8_seed321_t480k,gate_floor_dense,masa_plus_mmgag,321,480000,swissview100_aerial,0.5636,1.3416,0.322,0.372,0.59,0.748,0.786,/root/geoexplorer/results/checkpoint/appendix_compare_20260519/anchor0624_gate_valdist_dense_followup/gate_floor_dense_0p8_seed321_t480k/geoexplorer.pt
gate_floor_dense_0p8_seed321_t480k,gate_floor_dense,masa_plus_mmgag,321,480000,swissviewmonuments_aerial,0.4964705882352941,1.5552941176470587,0.3253333333333333,0.4444444444444444,0.6133333333333333,0.7055555555555556,0.6666666666666666,/root/geoexplorer/results/checkpoint/appendix_compare_20260519/anchor0624_gate_valdist_dense_followup/gate_floor_dense_0p8_seed321_t480k/geoexplorer.pt
gate_floor_dense_0p8_seed321_t480k,gate_floor_dense,masa_plus_mmgag,321,480000,swissviewmonuments_ground,0.516078431372549,1.443921568627451,0.328,0.475,0.63,0.7222222222222222,0.75,/root/geoexplorer/results/checkpoint/appendix_compare_20260519/anchor0624_gate_valdist_dense_followup/gate_floor_dense_0p8_seed321_t480k/geoexplorer.pt
gate_floor_dense_0p8_seed321_t480k,gate_floor_dense,masa_plus_mmgag,321,480000,xbd_pre_aerial,0.5585,1.3711,0.29375,0.3865,0.58775,0.737,0.7875,/root/geoexplorer/results/checkpoint/appendix_compare_20260519/anchor0624_gate_valdist_dense_followup/gate_floor_dense_0p8_seed321_t480k/geoexplorer.pt
gate_floor_dense_0p8_seed321_t480k,gate_floor_dense,masa_plus_mmgag,321,480000,xbd_disaster_aerial,0.57715,1.3063,0.3015,0.395,0.60175,0.766,0.8215,/root/geoexplorer/results/checkpoint/appendix_compare_20260519/anchor0624_gate_valdist_dense_followup/gate_floor_dense_0p8_seed321_t480k/geoexplorer.pt
gate_floor_dense_0p9_seed321_t480k,gate_floor_dense,masa_plus_mmgag,321,480000,masa_aerial,0.472,1.928,0.28,0.28,0.52,0.6,0.68,/root/geoexplorer/results/checkpoint/appendix_compare_20260519/anchor0624_gate_valdist_dense_followup/gate_floor_dense_0p9_seed321_t480k/geoexplorer.pt
gate_floor_dense_0p9_seed321_t480k,gate_floor_dense,masa_plus_mmgag,321,480000,mmgag_aerial,0.4714893617021277,1.8340425531914895,0.3659574468085106,0.37446808510638296,0.5191489361702127,0.5574468085106383,0.5404255319148936,/root/geoexplorer/results/checkpoint/appendix_compare_20260519/anchor0624_gate_valdist_dense_followup/gate_floor_dense_0p9_seed321_t480k/geoexplorer.pt
gate_floor_dense_0p9_seed321_t480k,gate_floor_dense,masa_plus_mmgag,321,480000,mmgag_ground,0.44851063829787235,1.9089361702127658,0.32340425531914896,0.3617021276595745,0.49361702127659574,0.5446808510638298,0.5191489361702127,/root/geoexplorer/results/checkpoint/appendix_compare_20260519/anchor0624_gate_valdist_dense_followup/gate_floor_dense_0p9_seed321_t480k/geoexplorer.pt
gate_floor_dense_0p9_seed321_t480k,gate_floor_dense,masa_plus_mmgag,321,480000,mmgag_text,0.43659574468085105,1.9923404255319148,0.3446808510638298,0.34893617021276596,0.4553191489361702,0.5319148936170213,0.502127659574468,/root/geoexplorer/results/checkpoint/appendix_compare_20260519/anchor0624_gate_valdist_dense_followup/gate_floor_dense_0p9_seed321_t480k/geoexplorer.pt
gate_floor_dense_0p9_seed321_t480k,gate_floor_dense,masa_plus_mmgag,321,480000,swissview100_aerial,0.424,2.2432,0.382,0.454,0.492,0.478,0.314,/root/geoexplorer/results/checkpoint/appendix_compare_20260519/anchor0624_gate_valdist_dense_followup/gate_floor_dense_0p9_seed321_t480k/geoexplorer.pt
gate_floor_dense_0p9_seed321_t480k,gate_floor_dense,masa_plus_mmgag,321,480000,swissviewmonuments_aerial,0.4611764705882353,1.812549019607843,0.34933333333333333,0.4388888888888889,0.5666666666666667,0.55,0.5,/root/geoexplorer/results/checkpoint/appendix_compare_20260519/anchor0624_gate_valdist_dense_followup/gate_floor_dense_0p9_seed321_t480k/geoexplorer.pt
gate_floor_dense_0p9_seed321_t480k,gate_floor_dense,masa_plus_mmgag,321,480000,swissviewmonuments_ground,0.4792156862745098,1.7152941176470589,0.3893333333333333,0.4527777777777778,0.5666666666666667,0.5666666666666667,0.5,/root/geoexplorer/results/checkpoint/appendix_compare_20260519/anchor0624_gate_valdist_dense_followup/gate_floor_dense_0p9_seed321_t480k/geoexplorer.pt
gate_floor_dense_0p9_seed321_t480k,gate_floor_dense,masa_plus_mmgag,321,480000,xbd_pre_aerial,0.46215,1.90875,0.3365,0.38825,0.5025,0.533,0.5505,/root/geoexplorer/results/checkpoint/appendix_compare_20260519/anchor0624_gate_valdist_dense_followup/gate_floor_dense_0p9_seed321_t480k/geoexplorer.pt
gate_floor_dense_0p9_seed321_t480k,gate_floor_dense,masa_plus_mmgag,321,480000,xbd_disaster_aerial,0.4685,1.87795,0.33475,0.39325,0.50275,0.559,0.55275,/root/geoexplorer/results/checkpoint/appendix_compare_20260519/anchor0624_gate_valdist_dense_followup/gate_floor_dense_0p9_seed321_t480k/geoexplorer.pt
gate_floor_dense_1_seed321_t480k,gate_floor_dense,masa_plus_mmgag,321,480000,masa_aerial,0.4,1.884,0.34,0.42,0.38,0.48,0.38,/root/geoexplorer/results/checkpoint/appendix_compare_20260519/anchor0624_gate_valdist_dense_followup/gate_floor_dense_1_seed321_t480k/geoexplorer.pt
gate_floor_dense_1_seed321_t480k,gate_floor_dense,masa_plus_mmgag,321,480000,mmgag_aerial,0.34382978723404256,2.2297872340425533,0.31063829787234043,0.3659574468085106,0.41702127659574467,0.34893617021276596,0.2765957446808511,/root/geoexplorer/results/checkpoint/appendix_compare_20260519/anchor0624_gate_valdist_dense_followup/gate_floor_dense_1_seed321_t480k/geoexplorer.pt
gate_floor_dense_1_seed321_t480k,gate_floor_dense,masa_plus_mmgag,321,480000,mmgag_ground,0.33361702127659576,2.18468085106383,0.25957446808510637,0.3404255319148936,0.42127659574468085,0.3702127659574468,0.2765957446808511,/root/geoexplorer/results/checkpoint/appendix_compare_20260519/anchor0624_gate_valdist_dense_followup/gate_floor_dense_1_seed321_t480k/geoexplorer.pt
gate_floor_dense_1_seed321_t480k,gate_floor_dense,masa_plus_mmgag,321,480000,mmgag_text,0.32085106382978723,2.286808510638298,0.2765957446808511,0.35319148936170214,0.4297872340425532,0.30638297872340425,0.23829787234042554,/root/geoexplorer/results/checkpoint/appendix_compare_20260519/anchor0624_gate_valdist_dense_followup/gate_floor_dense_1_seed321_t480k/geoexplorer.pt
gate_floor_dense_1_seed321_t480k,gate_floor_dense,masa_plus_mmgag,321,480000,swissview100_aerial,0.3604,2.2252,0.42,0.368,0.428,0.386,0.2,/root/geoexplorer/results/checkpoint/appendix_compare_20260519/anchor0624_gate_valdist_dense_followup/gate_floor_dense_1_seed321_t480k/geoexplorer.pt
gate_floor_dense_1_seed321_t480k,gate_floor_dense,masa_plus_mmgag,321,480000,swissviewmonuments_aerial,0.3631372549019608,2.1662745098039218,0.30933333333333335,0.36944444444444446,0.43333333333333335,0.37222222222222223,0.2833333333333333,/root/geoexplorer/results/checkpoint/appendix_compare_20260519/anchor0624_gate_valdist_dense_followup/gate_floor_dense_1_seed321_t480k/geoexplorer.pt
gate_floor_dense_1_seed321_t480k,gate_floor_dense,masa_plus_mmgag,321,480000,swissviewmonuments_ground,0.3780392156862745,2.0219607843137255,0.30933333333333335,0.35833333333333334,0.44666666666666666,0.45,0.36666666666666664,/root/geoexplorer/results/checkpoint/appendix_compare_20260519/anchor0624_gate_valdist_dense_followup/gate_floor_dense_1_seed321_t480k/geoexplorer.pt
gate_floor_dense_1_seed321_t480k,gate_floor_dense,masa_plus_mmgag,321,480000,xbd_pre_aerial,0.3466,2.2176,0.32425,0.35,0.4175,0.3825,0.25875,/root/geoexplorer/results/checkpoint/appendix_compare_20260519/anchor0624_gate_valdist_dense_followup/gate_floor_dense_1_seed321_t480k/geoexplorer.pt
gate_floor_dense_1_seed321_t480k,gate_floor_dense,masa_plus_mmgag,321,480000,xbd_disaster_aerial,0.36135,2.2068,0.3425,0.34025,0.4275,0.40575,0.29075,/root/geoexplorer/results/checkpoint/appendix_compare_20260519/anchor0624_gate_valdist_dense_followup/gate_floor_dense_1_seed321_t480k/geoexplorer.pt
val_dists_4_seed321_t480k,val_dists_bias,masa_plus_mmgag,321,480000,masa_aerial,0.44,1.976,0.3,0.34,0.48,0.58,0.5,/root/geoexplorer/results/checkpoint/appendix_compare_20260519/anchor0624_gate_valdist_dense_followup/val_dists_4_seed321_t480k/geoexplorer.pt
val_dists_4_seed321_t480k,val_dists_bias,masa_plus_mmgag,321,480000,mmgag_aerial,0.45617021276595743,1.97531914893617,0.3191489361702128,0.451063829787234,0.5148936170212766,0.5234042553191489,0.4723404255319149,/root/geoexplorer/results/checkpoint/appendix_compare_20260519/anchor0624_gate_valdist_dense_followup/val_dists_4_seed321_t480k/geoexplorer.pt
val_dists_4_seed321_t480k,val_dists_bias,masa_plus_mmgag,321,480000,mmgag_ground,0.4493617021276596,1.971063829787234,0.2978723404255319,0.40425531914893614,0.49361702127659574,0.5574468085106383,0.49361702127659574,/root/geoexplorer/results/checkpoint/appendix_compare_20260519/anchor0624_gate_valdist_dense_followup/val_dists_4_seed321_t480k/geoexplorer.pt
val_dists_4_seed321_t480k,val_dists_bias,masa_plus_mmgag,321,480000,mmgag_text,0.4204255319148936,2.1319148936170214,0.34893617021276596,0.4340425531914894,0.451063829787234,0.43829787234042555,0.4297872340425532,/root/geoexplorer/results/checkpoint/appendix_compare_20260519/anchor0624_gate_valdist_dense_followup/val_dists_4_seed321_t480k/geoexplorer.pt
val_dists_4_seed321_t480k,val_dists_bias,masa_plus_mmgag,321,480000,swissview100_aerial,0.4436,2.2432,0.432,0.47,0.514,0.486,0.316,/root/geoexplorer/results/checkpoint/appendix_compare_20260519/anchor0624_gate_valdist_dense_followup/val_dists_4_seed321_t480k/geoexplorer.pt
val_dists_4_seed321_t480k,val_dists_bias,masa_plus_mmgag,321,480000,swissviewmonuments_aerial,0.44313725490196076,1.9301960784313725,0.336,0.46111111111111114,0.5166666666666667,0.48333333333333334,0.5166666666666667,/root/geoexplorer/results/checkpoint/appendix_compare_20260519/anchor0624_gate_valdist_dense_followup/val_dists_4_seed321_t480k/geoexplorer.pt
val_dists_4_seed321_t480k,val_dists_bias,masa_plus_mmgag,321,480000,swissviewmonuments_ground,0.46588235294117647,1.824313725490196,0.384,0.44722222222222224,0.57,0.5055555555555555,0.45,/root/geoexplorer/results/checkpoint/appendix_compare_20260519/anchor0624_gate_valdist_dense_followup/val_dists_4_seed321_t480k/geoexplorer.pt
val_dists_4_seed321_t480k,val_dists_bias,masa_plus_mmgag,321,480000,xbd_pre_aerial,0.43415,2.081,0.33625,0.39825,0.48875,0.50125,0.44625,/root/geoexplorer/results/checkpoint/appendix_compare_20260519/anchor0624_gate_valdist_dense_followup/val_dists_4_seed321_t480k/geoexplorer.pt
val_dists_4_seed321_t480k,val_dists_bias,masa_plus_mmgag,321,480000,xbd_disaster_aerial,0.4442,2.03295,0.335,0.39575,0.48725,0.527,0.476,/root/geoexplorer/results/checkpoint/appendix_compare_20260519/anchor0624_gate_valdist_dense_followup/val_dists_4_seed321_t480k/geoexplorer.pt
val_dists_45_seed321_t480k,val_dists_bias,masa_plus_mmgag,321,480000,masa_aerial,0.44,2.04,0.26,0.32,0.5,0.52,0.6,/root/geoexplorer/results/checkpoint/appendix_compare_20260519/anchor0624_gate_valdist_dense_followup/val_dists_45_seed321_t480k/geoexplorer.pt
val_dists_45_seed321_t480k,val_dists_bias,masa_plus_mmgag,321,480000,mmgag_aerial,0.4093617021276596,2.134468085106383,0.39148936170212767,0.40425531914893614,0.46382978723404256,0.4553191489361702,0.33191489361702126,/root/geoexplorer/results/checkpoint/appendix_compare_20260519/anchor0624_gate_valdist_dense_followup/val_dists_45_seed321_t480k/geoexplorer.pt
val_dists_45_seed321_t480k,val_dists_bias,masa_plus_mmgag,321,480000,mmgag_ground,0.4246808510638298,2.123404255319149,0.3659574468085106,0.451063829787234,0.5148936170212766,0.4723404255319149,0.3191489361702128,/root/geoexplorer/results/checkpoint/appendix_compare_20260519/anchor0624_gate_valdist_dense_followup/val_dists_45_seed321_t480k/geoexplorer.pt
val_dists_45_seed321_t480k,val_dists_bias,masa_plus_mmgag,321,480000,mmgag_text,0.3829787234042553,2.3302127659574468,0.3446808510638298,0.40425531914893614,0.4425531914893617,0.4127659574468085,0.31063829787234043,/root/geoexplorer/results/checkpoint/appendix_compare_20260519/anchor0624_gate_valdist_dense_followup/val_dists_45_seed321_t480k/geoexplorer.pt
val_dists_45_seed321_t480k,val_dists_bias,masa_plus_mmgag,321,480000,swissview100_aerial,0.4068,2.3076,0.408,0.458,0.494,0.416,0.258,/root/geoexplorer/results/checkpoint/appendix_compare_20260519/anchor0624_gate_valdist_dense_followup/val_dists_45_seed321_t480k/geoexplorer.pt
val_dists_45_seed321_t480k,val_dists_bias,masa_plus_mmgag,321,480000,swissviewmonuments_aerial,0.4666666666666667,1.860392156862745,0.38666666666666666,0.475,0.5566666666666666,0.49444444444444446,0.38333333333333336,/root/geoexplorer/results/checkpoint/appendix_compare_20260519/anchor0624_gate_valdist_dense_followup/val_dists_45_seed321_t480k/geoexplorer.pt
val_dists_45_seed321_t480k,val_dists_bias,masa_plus_mmgag,321,480000,swissviewmonuments_ground,0.47843137254901963,1.8533333333333333,0.392,0.49722222222222223,0.56,0.4777777777777778,0.5,/root/geoexplorer/results/checkpoint/appendix_compare_20260519/anchor0624_gate_valdist_dense_followup/val_dists_45_seed321_t480k/geoexplorer.pt
val_dists_45_seed321_t480k,val_dists_bias,masa_plus_mmgag,321,480000,xbd_pre_aerial,0.43205,2.1026,0.362,0.4155,0.506,0.501,0.37575,/root/geoexplorer/results/checkpoint/appendix_compare_20260519/anchor0624_gate_valdist_dense_followup/val_dists_45_seed321_t480k/geoexplorer.pt
val_dists_45_seed321_t480k,val_dists_bias,masa_plus_mmgag,321,480000,xbd_disaster_aerial,0.43895,2.0633,0.36175,0.4285,0.50725,0.5065,0.39075,/root/geoexplorer/results/checkpoint/appendix_compare_20260519/anchor0624_gate_valdist_dense_followup/val_dists_45_seed321_t480k/geoexplorer.pt
val_dists_456_seed321_t480k,val_dists_bias,masa_plus_mmgag,321,480000,masa_aerial,0.48,1.844,0.36,0.34,0.52,0.6,0.58,/root/geoexplorer/results/checkpoint/appendix_compare_20260519/anchor0624_gate_valdist_dense_followup/val_dists_456_seed321_t480k/geoexplorer.pt
val_dists_456_seed321_t480k,val_dists_bias,masa_plus_mmgag,321,480000,mmgag_aerial,0.44680851063829785,2.1361702127659576,0.4,0.4425531914893617,0.46808510638297873,0.502127659574468,0.42127659574468085,/root/geoexplorer/results/checkpoint/appendix_compare_20260519/anchor0624_gate_valdist_dense_followup/val_dists_456_seed321_t480k/geoexplorer.pt
val_dists_456_seed321_t480k,val_dists_bias,masa_plus_mmgag,321,480000,mmgag_ground,0.46382978723404256,2.1029787234042554,0.4085106382978723,0.4595744680851064,0.5106382978723404,0.548936170212766,0.39148936170212767,/root/geoexplorer/results/checkpoint/appendix_compare_20260519/anchor0624_gate_valdist_dense_followup/val_dists_456_seed321_t480k/geoexplorer.pt
val_dists_456_seed321_t480k,val_dists_bias,masa_plus_mmgag,321,480000,mmgag_text,0.45617021276595743,2.1106382978723404,0.4127659574468085,0.4808510638297872,0.49361702127659574,0.48936170212765956,0.40425531914893614,/root/geoexplorer/results/checkpoint/appendix_compare_20260519/anchor0624_gate_valdist_dense_followup/val_dists_456_seed321_t480k/geoexplorer.pt
val_dists_456_seed321_t480k,val_dists_bias,masa_plus_mmgag,321,480000,swissview100_aerial,0.5064,1.95,0.456,0.512,0.604,0.562,0.398,/root/geoexplorer/results/checkpoint/appendix_compare_20260519/anchor0624_gate_valdist_dense_followup/val_dists_456_seed321_t480k/geoexplorer.pt
val_dists_456_seed321_t480k,val_dists_bias,masa_plus_mmgag,321,480000,swissviewmonuments_aerial,0.5090196078431373,1.7945098039215686,0.43466666666666665,0.5,0.5866666666666667,0.5888888888888889,0.4,/root/geoexplorer/results/checkpoint/appendix_compare_20260519/anchor0624_gate_valdist_dense_followup/val_dists_456_seed321_t480k/geoexplorer.pt
val_dists_456_seed321_t480k,val_dists_bias,masa_plus_mmgag,321,480000,swissviewmonuments_ground,0.5192156862745098,1.7058823529411764,0.4266666666666667,0.5138888888888888,0.6166666666666667,0.6111111111111112,0.36666666666666664,/root/geoexplorer/results/checkpoint/appendix_compare_20260519/anchor0624_gate_valdist_dense_followup/val_dists_456_seed321_t480k/geoexplorer.pt
val_dists_456_seed321_t480k,val_dists_bias,masa_plus_mmgag,321,480000,xbd_pre_aerial,0.47275,2.03235,0.393,0.44925,0.5495,0.545,0.427,/root/geoexplorer/results/checkpoint/appendix_compare_20260519/anchor0624_gate_valdist_dense_followup/val_dists_456_seed321_t480k/geoexplorer.pt
val_dists_456_seed321_t480k,val_dists_bias,masa_plus_mmgag,321,480000,xbd_disaster_aerial,0.4828,1.9639,0.40875,0.472,0.55775,0.547,0.4285,/root/geoexplorer/results/checkpoint/appendix_compare_20260519/anchor0624_gate_valdist_dense_followup/val_dists_456_seed321_t480k/geoexplorer.pt
val_dists_567_seed321_t480k,val_dists_bias,masa_plus_mmgag,321,480000,masa_aerial,0.612,1.168,0.42,0.44,0.52,0.76,0.92,/root/geoexplorer/results/checkpoint/appendix_compare_20260519/anchor0624_gate_valdist_dense_followup/val_dists_567_seed321_t480k/geoexplorer.pt
val_dists_567_seed321_t480k,val_dists_bias,masa_plus_mmgag,321,480000,mmgag_aerial,0.5438297872340425,1.4042553191489362,0.35319148936170214,0.40425531914893614,0.5276595744680851,0.6680851063829787,0.7659574468085106,/root/geoexplorer/results/checkpoint/appendix_compare_20260519/anchor0624_gate_valdist_dense_followup/val_dists_567_seed321_t480k/geoexplorer.pt
val_dists_567_seed321_t480k,val_dists_bias,masa_plus_mmgag,321,480000,mmgag_ground,0.534468085106383,1.4604255319148935,0.2978723404255319,0.42127659574468085,0.5531914893617021,0.6851063829787234,0.7148936170212766,/root/geoexplorer/results/checkpoint/appendix_compare_20260519/anchor0624_gate_valdist_dense_followup/val_dists_567_seed321_t480k/geoexplorer.pt
val_dists_567_seed321_t480k,val_dists_bias,masa_plus_mmgag,321,480000,mmgag_text,0.451063829787234,1.7863829787234042,0.2765957446808511,0.3404255319148936,0.4340425531914894,0.5829787234042553,0.6212765957446809,/root/geoexplorer/results/checkpoint/appendix_compare_20260519/anchor0624_gate_valdist_dense_followup/val_dists_567_seed321_t480k/geoexplorer.pt
val_dists_567_seed321_t480k,val_dists_bias,masa_plus_mmgag,321,480000,swissview100_aerial,0.5204,1.6648,0.366,0.436,0.564,0.652,0.584,/root/geoexplorer/results/checkpoint/appendix_compare_20260519/anchor0624_gate_valdist_dense_followup/val_dists_567_seed321_t480k/geoexplorer.pt
val_dists_567_seed321_t480k,val_dists_bias,masa_plus_mmgag,321,480000,swissviewmonuments_aerial,0.44313725490196076,1.8352941176470587,0.33866666666666667,0.4083333333333333,0.51,0.5722222222222222,0.5833333333333334,/root/geoexplorer/results/checkpoint/appendix_compare_20260519/anchor0624_gate_valdist_dense_followup/val_dists_567_seed321_t480k/geoexplorer.pt
val_dists_567_seed321_t480k,val_dists_bias,masa_plus_mmgag,321,480000,swissviewmonuments_ground,0.4541176470588235,1.812549019607843,0.32,0.4222222222222222,0.54,0.6277777777777778,0.5333333333333333,/root/geoexplorer/results/checkpoint/appendix_compare_20260519/anchor0624_gate_valdist_dense_followup/val_dists_567_seed321_t480k/geoexplorer.pt
val_dists_567_seed321_t480k,val_dists_bias,masa_plus_mmgag,321,480000,xbd_pre_aerial,0.52605,1.5806,0.3125,0.37575,0.55,0.66675,0.72525,/root/geoexplorer/results/checkpoint/appendix_compare_20260519/anchor0624_gate_valdist_dense_followup/val_dists_567_seed321_t480k/geoexplorer.pt
val_dists_567_seed321_t480k,val_dists_bias,masa_plus_mmgag,321,480000,xbd_disaster_aerial,0.538,1.5102,0.3085,0.37625,0.56675,0.69275,0.74575,/root/geoexplorer/results/checkpoint/appendix_compare_20260519/anchor0624_gate_valdist_dense_followup/val_dists_567_seed321_t480k/geoexplorer.pt
val_dists_8_seed321_t480k,val_dists_bias,masa_plus_mmgag,321,480000,masa_aerial,0.48,1.808,0.4,0.22,0.54,0.62,0.62,/root/geoexplorer/results/checkpoint/appendix_compare_20260519/anchor0624_gate_valdist_dense_followup/val_dists_8_seed321_t480k/geoexplorer.pt
val_dists_8_seed321_t480k,val_dists_bias,masa_plus_mmgag,321,480000,mmgag_aerial,0.5182978723404256,1.6748936170212767,0.3276595744680851,0.39574468085106385,0.5276595744680851,0.6510638297872341,0.6893617021276596,/root/geoexplorer/results/checkpoint/appendix_compare_20260519/anchor0624_gate_valdist_dense_followup/val_dists_8_seed321_t480k/geoexplorer.pt
val_dists_8_seed321_t480k,val_dists_bias,masa_plus_mmgag,321,480000,mmgag_ground,0.52,1.6297872340425532,0.3446808510638298,0.40425531914893614,0.5234042553191489,0.6212765957446809,0.7063829787234043,/root/geoexplorer/results/checkpoint/appendix_compare_20260519/anchor0624_gate_valdist_dense_followup/val_dists_8_seed321_t480k/geoexplorer.pt
val_dists_8_seed321_t480k,val_dists_bias,masa_plus_mmgag,321,480000,mmgag_text,0.4757446808510638,1.8485106382978724,0.34893617021276596,0.4127659574468085,0.502127659574468,0.548936170212766,0.5659574468085107,/root/geoexplorer/results/checkpoint/appendix_compare_20260519/anchor0624_gate_valdist_dense_followup/val_dists_8_seed321_t480k/geoexplorer.pt
val_dists_8_seed321_t480k,val_dists_bias,masa_plus_mmgag,321,480000,swissview100_aerial,0.4676,1.9192,0.356,0.432,0.498,0.552,0.5,/root/geoexplorer/results/checkpoint/appendix_compare_20260519/anchor0624_gate_valdist_dense_followup/val_dists_8_seed321_t480k/geoexplorer.pt
val_dists_8_seed321_t480k,val_dists_bias,masa_plus_mmgag,321,480000,swissviewmonuments_aerial,0.476078431372549,1.724705882352941,0.3413333333333333,0.45,0.55,0.6166666666666667,0.6833333333333333,/root/geoexplorer/results/checkpoint/appendix_compare_20260519/anchor0624_gate_valdist_dense_followup/val_dists_8_seed321_t480k/geoexplorer.pt
val_dists_8_seed321_t480k,val_dists_bias,masa_plus_mmgag,321,480000,swissviewmonuments_ground,0.5176470588235295,1.6047058823529412,0.41333333333333333,0.49166666666666664,0.5966666666666667,0.6166666666666667,0.6333333333333333,/root/geoexplorer/results/checkpoint/appendix_compare_20260519/anchor0624_gate_valdist_dense_followup/val_dists_8_seed321_t480k/geoexplorer.pt
val_dists_8_seed321_t480k,val_dists_bias,masa_plus_mmgag,321,480000,xbd_pre_aerial,0.49165,1.74005,0.32625,0.386,0.512,0.60325,0.63075,/root/geoexplorer/results/checkpoint/appendix_compare_20260519/anchor0624_gate_valdist_dense_followup/val_dists_8_seed321_t480k/geoexplorer.pt
val_dists_8_seed321_t480k,val_dists_bias,masa_plus_mmgag,321,480000,xbd_disaster_aerial,0.4999,1.70625,0.323,0.40025,0.524,0.617,0.63525,/root/geoexplorer/results/checkpoint/appendix_compare_20260519/anchor0624_gate_valdist_dense_followup/val_dists_8_seed321_t480k/geoexplorer.pt
