family,value,run,benchmark,d4,d5,d6,d7,d8,checkpoint
gate_floor_dense,0.000,gate_floor_dense_0_seed321_t480k,masa_aerial,0.300000,0.320000,0.520000,0.640000,0.520000,/root/geoexplorer/results/checkpoint/appendix_compare_20260519/anchor0624_gate_valdist_dense_followup/gate_floor_dense_0_seed321_t480k/geoexplorer.pt
gate_floor_dense,0.000,gate_floor_dense_0_seed321_t480k,mmgag_aerial,0.370213,0.417021,0.514894,0.608511,0.595745,/root/geoexplorer/results/checkpoint/appendix_compare_20260519/anchor0624_gate_valdist_dense_followup/gate_floor_dense_0_seed321_t480k/geoexplorer.pt
gate_floor_dense,0.000,gate_floor_dense_0_seed321_t480k,mmgag_ground,0.348936,0.421277,0.531915,0.561702,0.600000,/root/geoexplorer/results/checkpoint/appendix_compare_20260519/anchor0624_gate_valdist_dense_followup/gate_floor_dense_0_seed321_t480k/geoexplorer.pt
gate_floor_dense,0.000,gate_floor_dense_0_seed321_t480k,mmgag_text,0.340426,0.408511,0.531915,0.561702,0.553191,/root/geoexplorer/results/checkpoint/appendix_compare_20260519/anchor0624_gate_valdist_dense_followup/gate_floor_dense_0_seed321_t480k/geoexplorer.pt
gate_floor_dense,0.000,gate_floor_dense_0_seed321_t480k,swissview100_aerial,0.438000,0.460000,0.532000,0.498000,0.252000,/root/geoexplorer/results/checkpoint/appendix_compare_20260519/anchor0624_gate_valdist_dense_followup/gate_floor_dense_0_seed321_t480k/geoexplorer.pt
gate_floor_dense,0.000,gate_floor_dense_0_seed321_t480k,swissviewmonuments_aerial,0.392000,0.463889,0.530000,0.566667,0.450000,/root/geoexplorer/results/checkpoint/appendix_compare_20260519/anchor0624_gate_valdist_dense_followup/gate_floor_dense_0_seed321_t480k/geoexplorer.pt
gate_floor_dense,0.000,gate_floor_dense_0_seed321_t480k,swissviewmonuments_ground,0.405333,0.491667,0.563333,0.583333,0.450000,/root/geoexplorer/results/checkpoint/appendix_compare_20260519/anchor0624_gate_valdist_dense_followup/gate_floor_dense_0_seed321_t480k/geoexplorer.pt
gate_floor_dense,0.000,gate_floor_dense_0_seed321_t480k,xbd_pre_aerial,0.351250,0.407500,0.507000,0.536250,0.497000,/root/geoexplorer/results/checkpoint/appendix_compare_20260519/anchor0624_gate_valdist_dense_followup/gate_floor_dense_0_seed321_t480k/geoexplorer.pt
gate_floor_dense,0.000,gate_floor_dense_0_seed321_t480k,xbd_disaster_aerial,0.369500,0.420250,0.512000,0.556000,0.521500,/root/geoexplorer/results/checkpoint/appendix_compare_20260519/anchor0624_gate_valdist_dense_followup/gate_floor_dense_0_seed321_t480k/geoexplorer.pt
gate_floor_dense,0.100,gate_floor_dense_0p1_seed321_t480k,masa_aerial,0.320000,0.380000,0.520000,0.680000,0.660000,/root/geoexplorer/results/checkpoint/appendix_compare_20260519/anchor0624_gate_valdist_dense_followup/gate_floor_dense_0p1_seed321_t480k/geoexplorer.pt
gate_floor_dense,0.100,gate_floor_dense_0p1_seed321_t480k,mmgag_aerial,0.327660,0.463830,0.561702,0.595745,0.514894,/root/geoexplorer/results/checkpoint/appendix_compare_20260519/anchor0624_gate_valdist_dense_followup/gate_floor_dense_0p1_seed321_t480k/geoexplorer.pt
gate_floor_dense,0.100,gate_floor_dense_0p1_seed321_t480k,mmgag_ground,0.314894,0.438298,0.544681,0.634043,0.540426,/root/geoexplorer/results/checkpoint/appendix_compare_20260519/anchor0624_gate_valdist_dense_followup/gate_floor_dense_0p1_seed321_t480k/geoexplorer.pt
gate_floor_dense,0.100,gate_floor_dense_0p1_seed321_t480k,mmgag_text,0.302128,0.429787,0.536170,0.531915,0.489362,/root/geoexplorer/results/checkpoint/appendix_compare_20260519/anchor0624_gate_valdist_dense_followup/gate_floor_dense_0p1_seed321_t480k/geoexplorer.pt
gate_floor_dense,0.100,gate_floor_dense_0p1_seed321_t480k,swissview100_aerial,0.420000,0.444000,0.594000,0.572000,0.384000,/root/geoexplorer/results/checkpoint/appendix_compare_20260519/anchor0624_gate_valdist_dense_followup/gate_floor_dense_0p1_seed321_t480k/geoexplorer.pt
gate_floor_dense,0.100,gate_floor_dense_0p1_seed321_t480k,swissviewmonuments_aerial,0.344000,0.444444,0.556667,0.566667,0.366667,/root/geoexplorer/results/checkpoint/appendix_compare_20260519/anchor0624_gate_valdist_dense_followup/gate_floor_dense_0p1_seed321_t480k/geoexplorer.pt
gate_floor_dense,0.100,gate_floor_dense_0p1_seed321_t480k,swissviewmonuments_ground,0.349333,0.427778,0.560000,0.622222,0.450000,/root/geoexplorer/results/checkpoint/appendix_compare_20260519/anchor0624_gate_valdist_dense_followup/gate_floor_dense_0p1_seed321_t480k/geoexplorer.pt
gate_floor_dense,0.100,gate_floor_dense_0p1_seed321_t480k,xbd_pre_aerial,0.364750,0.434250,0.553500,0.590500,0.476750,/root/geoexplorer/results/checkpoint/appendix_compare_20260519/anchor0624_gate_valdist_dense_followup/gate_floor_dense_0p1_seed321_t480k/geoexplorer.pt
gate_floor_dense,0.100,gate_floor_dense_0p1_seed321_t480k,xbd_disaster_aerial,0.366500,0.439500,0.562000,0.603750,0.471250,/root/geoexplorer/results/checkpoint/appendix_compare_20260519/anchor0624_gate_valdist_dense_followup/gate_floor_dense_0p1_seed321_t480k/geoexplorer.pt
gate_floor_dense,0.200,gate_floor_dense_0p2_seed321_t480k,masa_aerial,0.280000,0.280000,0.560000,0.720000,0.820000,/root/geoexplorer/results/checkpoint/appendix_compare_20260519/anchor0624_gate_valdist_dense_followup/gate_floor_dense_0p2_seed321_t480k/geoexplorer.pt
gate_floor_dense,0.200,gate_floor_dense_0p2_seed321_t480k,mmgag_aerial,0.319149,0.336170,0.540426,0.706383,0.795745,/root/geoexplorer/results/checkpoint/appendix_compare_20260519/anchor0624_gate_valdist_dense_followup/gate_floor_dense_0p2_seed321_t480k/geoexplorer.pt
gate_floor_dense,0.200,gate_floor_dense_0p2_seed321_t480k,mmgag_ground,0.251064,0.327660,0.540426,0.714894,0.804255,/root/geoexplorer/results/checkpoint/appendix_compare_20260519/anchor0624_gate_valdist_dense_followup/gate_floor_dense_0p2_seed321_t480k/geoexplorer.pt
gate_floor_dense,0.200,gate_floor_dense_0p2_seed321_t480k,mmgag_text,0.302128,0.306383,0.523404,0.676596,0.770213,/root/geoexplorer/results/checkpoint/appendix_compare_20260519/anchor0624_gate_valdist_dense_followup/gate_floor_dense_0p2_seed321_t480k/geoexplorer.pt
gate_floor_dense,0.200,gate_floor_dense_0p2_seed321_t480k,swissview100_aerial,0.306000,0.392000,0.554000,0.652000,0.704000,/root/geoexplorer/results/checkpoint/appendix_compare_20260519/anchor0624_gate_valdist_dense_followup/gate_floor_dense_0p2_seed321_t480k/geoexplorer.pt
gate_floor_dense,0.200,gate_floor_dense_0p2_seed321_t480k,swissviewmonuments_aerial,0.317333,0.450000,0.566667,0.633333,0.666667,/root/geoexplorer/results/checkpoint/appendix_compare_20260519/anchor0624_gate_valdist_dense_followup/gate_floor_dense_0p2_seed321_t480k/geoexplorer.pt
gate_floor_dense,0.200,gate_floor_dense_0p2_seed321_t480k,swissviewmonuments_ground,0.325333,0.444444,0.583333,0.661111,0.683333,/root/geoexplorer/results/checkpoint/appendix_compare_20260519/anchor0624_gate_valdist_dense_followup/gate_floor_dense_0p2_seed321_t480k/geoexplorer.pt
gate_floor_dense,0.200,gate_floor_dense_0p2_seed321_t480k,xbd_pre_aerial,0.291500,0.364250,0.504250,0.641500,0.710000,/root/geoexplorer/results/checkpoint/appendix_compare_20260519/anchor0624_gate_valdist_dense_followup/gate_floor_dense_0p2_seed321_t480k/geoexplorer.pt
gate_floor_dense,0.200,gate_floor_dense_0p2_seed321_t480k,xbd_disaster_aerial,0.289750,0.357750,0.519750,0.680500,0.749000,/root/geoexplorer/results/checkpoint/appendix_compare_20260519/anchor0624_gate_valdist_dense_followup/gate_floor_dense_0p2_seed321_t480k/geoexplorer.pt
gate_floor_dense,0.300,gate_floor_dense_0p3_seed321_t480k,masa_aerial,0.340000,0.360000,0.460000,0.520000,0.420000,/root/geoexplorer/results/checkpoint/appendix_compare_20260519/anchor0624_gate_valdist_dense_followup/gate_floor_dense_0p3_seed321_t480k/geoexplorer.pt
gate_floor_dense,0.300,gate_floor_dense_0p3_seed321_t480k,mmgag_aerial,0.391489,0.417021,0.519149,0.514894,0.463830,/root/geoexplorer/results/checkpoint/appendix_compare_20260519/anchor0624_gate_valdist_dense_followup/gate_floor_dense_0p3_seed321_t480k/geoexplorer.pt
gate_floor_dense,0.300,gate_floor_dense_0p3_seed321_t480k,mmgag_ground,0.382979,0.429787,0.544681,0.510638,0.459574,/root/geoexplorer/results/checkpoint/appendix_compare_20260519/anchor0624_gate_valdist_dense_followup/gate_floor_dense_0p3_seed321_t480k/geoexplorer.pt
gate_floor_dense,0.300,gate_floor_dense_0p3_seed321_t480k,mmgag_text,0.434043,0.425532,0.489362,0.493617,0.421277,/root/geoexplorer/results/checkpoint/appendix_compare_20260519/anchor0624_gate_valdist_dense_followup/gate_floor_dense_0p3_seed321_t480k/geoexplorer.pt
gate_floor_dense,0.300,gate_floor_dense_0p3_seed321_t480k,swissview100_aerial,0.436000,0.524000,0.590000,0.600000,0.430000,/root/geoexplorer/results/checkpoint/appendix_compare_20260519/anchor0624_gate_valdist_dense_followup/gate_floor_dense_0p3_seed321_t480k/geoexplorer.pt
gate_floor_dense,0.300,gate_floor_dense_0p3_seed321_t480k,swissviewmonuments_aerial,0.384000,0.436111,0.523333,0.561111,0.416667,/root/geoexplorer/results/checkpoint/appendix_compare_20260519/anchor0624_gate_valdist_dense_followup/gate_floor_dense_0p3_seed321_t480k/geoexplorer.pt
gate_floor_dense,0.300,gate_floor_dense_0p3_seed321_t480k,swissviewmonuments_ground,0.400000,0.488889,0.590000,0.600000,0.466667,/root/geoexplorer/results/checkpoint/appendix_compare_20260519/anchor0624_gate_valdist_dense_followup/gate_floor_dense_0p3_seed321_t480k/geoexplorer.pt
gate_floor_dense,0.300,gate_floor_dense_0p3_seed321_t480k,xbd_pre_aerial,0.375750,0.437000,0.549750,0.555500,0.431500,/root/geoexplorer/results/checkpoint/appendix_compare_20260519/anchor0624_gate_valdist_dense_followup/gate_floor_dense_0p3_seed321_t480k/geoexplorer.pt
gate_floor_dense,0.300,gate_floor_dense_0p3_seed321_t480k,xbd_disaster_aerial,0.378250,0.439000,0.533500,0.563500,0.450500,/root/geoexplorer/results/checkpoint/appendix_compare_20260519/anchor0624_gate_valdist_dense_followup/gate_floor_dense_0p3_seed321_t480k/geoexplorer.pt
gate_floor_dense,0.400,gate_floor_dense_0p4_seed321_t480k,masa_aerial,0.340000,0.260000,0.620000,0.820000,0.840000,/root/geoexplorer/results/checkpoint/appendix_compare_20260519/anchor0624_gate_valdist_dense_followup/gate_floor_dense_0p4_seed321_t480k/geoexplorer.pt
gate_floor_dense,0.400,gate_floor_dense_0p4_seed321_t480k,mmgag_aerial,0.289362,0.404255,0.608511,0.812766,0.834043,/root/geoexplorer/results/checkpoint/appendix_compare_20260519/anchor0624_gate_valdist_dense_followup/gate_floor_dense_0p4_seed321_t480k/geoexplorer.pt
gate_floor_dense,0.400,gate_floor_dense_0p4_seed321_t480k,mmgag_ground,0.229787,0.344681,0.629787,0.859574,0.804255,/root/geoexplorer/results/checkpoint/appendix_compare_20260519/anchor0624_gate_valdist_dense_followup/gate_floor_dense_0p4_seed321_t480k/geoexplorer.pt
gate_floor_dense,0.400,gate_floor_dense_0p4_seed321_t480k,mmgag_text,0.259574,0.361702,0.574468,0.765957,0.774468,/root/geoexplorer/results/checkpoint/appendix_compare_20260519/anchor0624_gate_valdist_dense_followup/gate_floor_dense_0p4_seed321_t480k/geoexplorer.pt
gate_floor_dense,0.400,gate_floor_dense_0p4_seed321_t480k,swissview100_aerial,0.324000,0.382000,0.556000,0.722000,0.662000,/root/geoexplorer/results/checkpoint/appendix_compare_20260519/anchor0624_gate_valdist_dense_followup/gate_floor_dense_0p4_seed321_t480k/geoexplorer.pt
gate_floor_dense,0.400,gate_floor_dense_0p4_seed321_t480k,swissviewmonuments_aerial,0.333333,0.469444,0.673333,0.716667,0.733333,/root/geoexplorer/results/checkpoint/appendix_compare_20260519/anchor0624_gate_valdist_dense_followup/gate_floor_dense_0p4_seed321_t480k/geoexplorer.pt
gate_floor_dense,0.400,gate_floor_dense_0p4_seed321_t480k,swissviewmonuments_ground,0.325333,0.469444,0.670000,0.722222,0.716667,/root/geoexplorer/results/checkpoint/appendix_compare_20260519/anchor0624_gate_valdist_dense_followup/gate_floor_dense_0p4_seed321_t480k/geoexplorer.pt
gate_floor_dense,0.400,gate_floor_dense_0p4_seed321_t480k,xbd_pre_aerial,0.307750,0.398750,0.594000,0.742750,0.763500,/root/geoexplorer/results/checkpoint/appendix_compare_20260519/anchor0624_gate_valdist_dense_followup/gate_floor_dense_0p4_seed321_t480k/geoexplorer.pt
gate_floor_dense,0.400,gate_floor_dense_0p4_seed321_t480k,xbd_disaster_aerial,0.322250,0.408250,0.603000,0.760750,0.765000,/root/geoexplorer/results/checkpoint/appendix_compare_20260519/anchor0624_gate_valdist_dense_followup/gate_floor_dense_0p4_seed321_t480k/geoexplorer.pt
gate_floor_dense,0.600,gate_floor_dense_0p6_seed321_t480k,masa_aerial,0.300000,0.320000,0.560000,0.860000,0.880000,/root/geoexplorer/results/checkpoint/appendix_compare_20260519/anchor0624_gate_valdist_dense_followup/gate_floor_dense_0p6_seed321_t480k/geoexplorer.pt
gate_floor_dense,0.600,gate_floor_dense_0p6_seed321_t480k,mmgag_aerial,0.314894,0.395745,0.574468,0.846809,0.821277,/root/geoexplorer/results/checkpoint/appendix_compare_20260519/anchor0624_gate_valdist_dense_followup/gate_floor_dense_0p6_seed321_t480k/geoexplorer.pt
gate_floor_dense,0.600,gate_floor_dense_0p6_seed321_t480k,mmgag_ground,0.255319,0.348936,0.604255,0.855319,0.791489,/root/geoexplorer/results/checkpoint/appendix_compare_20260519/anchor0624_gate_valdist_dense_followup/gate_floor_dense_0p6_seed321_t480k/geoexplorer.pt
gate_floor_dense,0.600,gate_floor_dense_0p6_seed321_t480k,mmgag_text,0.289362,0.378723,0.540426,0.770213,0.795745,/root/geoexplorer/results/checkpoint/appendix_compare_20260519/anchor0624_gate_valdist_dense_followup/gate_floor_dense_0p6_seed321_t480k/geoexplorer.pt
gate_floor_dense,0.600,gate_floor_dense_0p6_seed321_t480k,swissview100_aerial,0.344000,0.396000,0.546000,0.712000,0.668000,/root/geoexplorer/results/checkpoint/appendix_compare_20260519/anchor0624_gate_valdist_dense_followup/gate_floor_dense_0p6_seed321_t480k/geoexplorer.pt
gate_floor_dense,0.600,gate_floor_dense_0p6_seed321_t480k,swissviewmonuments_aerial,0.330667,0.433333,0.596667,0.677778,0.633333,/root/geoexplorer/results/checkpoint/appendix_compare_20260519/anchor0624_gate_valdist_dense_followup/gate_floor_dense_0p6_seed321_t480k/geoexplorer.pt
gate_floor_dense,0.600,gate_floor_dense_0p6_seed321_t480k,swissviewmonuments_ground,0.338667,0.438889,0.616667,0.666667,0.650000,/root/geoexplorer/results/checkpoint/appendix_compare_20260519/anchor0624_gate_valdist_dense_followup/gate_floor_dense_0p6_seed321_t480k/geoexplorer.pt
gate_floor_dense,0.600,gate_floor_dense_0p6_seed321_t480k,xbd_pre_aerial,0.300000,0.397000,0.602500,0.745750,0.767000,/root/geoexplorer/results/checkpoint/appendix_compare_20260519/anchor0624_gate_valdist_dense_followup/gate_floor_dense_0p6_seed321_t480k/geoexplorer.pt
gate_floor_dense,0.600,gate_floor_dense_0p6_seed321_t480k,xbd_disaster_aerial,0.302500,0.400250,0.597250,0.763000,0.800250,/root/geoexplorer/results/checkpoint/appendix_compare_20260519/anchor0624_gate_valdist_dense_followup/gate_floor_dense_0p6_seed321_t480k/geoexplorer.pt
gate_floor_dense,0.700,gate_floor_dense_0p7_seed321_t480k,masa_aerial,0.340000,0.240000,0.560000,0.720000,0.860000,/root/geoexplorer/results/checkpoint/appendix_compare_20260519/anchor0624_gate_valdist_dense_followup/gate_floor_dense_0p7_seed321_t480k/geoexplorer.pt
gate_floor_dense,0.700,gate_floor_dense_0p7_seed321_t480k,mmgag_aerial,0.268085,0.365957,0.540426,0.727660,0.774468,/root/geoexplorer/results/checkpoint/appendix_compare_20260519/anchor0624_gate_valdist_dense_followup/gate_floor_dense_0p7_seed321_t480k/geoexplorer.pt
gate_floor_dense,0.700,gate_floor_dense_0p7_seed321_t480k,mmgag_ground,0.259574,0.382979,0.540426,0.727660,0.765957,/root/geoexplorer/results/checkpoint/appendix_compare_20260519/anchor0624_gate_valdist_dense_followup/gate_floor_dense_0p7_seed321_t480k/geoexplorer.pt
gate_floor_dense,0.700,gate_floor_dense_0p7_seed321_t480k,mmgag_text,0.242553,0.382979,0.459574,0.663830,0.685106,/root/geoexplorer/results/checkpoint/appendix_compare_20260519/anchor0624_gate_valdist_dense_followup/gate_floor_dense_0p7_seed321_t480k/geoexplorer.pt
gate_floor_dense,0.700,gate_floor_dense_0p7_seed321_t480k,swissview100_aerial,0.320000,0.326000,0.516000,0.662000,0.688000,/root/geoexplorer/results/checkpoint/appendix_compare_20260519/anchor0624_gate_valdist_dense_followup/gate_floor_dense_0p7_seed321_t480k/geoexplorer.pt
gate_floor_dense,0.700,gate_floor_dense_0p7_seed321_t480k,swissviewmonuments_aerial,0.306667,0.400000,0.573333,0.644444,0.700000,/root/geoexplorer/results/checkpoint/appendix_compare_20260519/anchor0624_gate_valdist_dense_followup/gate_floor_dense_0p7_seed321_t480k/geoexplorer.pt
gate_floor_dense,0.700,gate_floor_dense_0p7_seed321_t480k,swissviewmonuments_ground,0.322667,0.433333,0.570000,0.677778,0.700000,/root/geoexplorer/results/checkpoint/appendix_compare_20260519/anchor0624_gate_valdist_dense_followup/gate_floor_dense_0p7_seed321_t480k/geoexplorer.pt
gate_floor_dense,0.700,gate_floor_dense_0p7_seed321_t480k,xbd_pre_aerial,0.267750,0.340250,0.523500,0.685750,0.716750,/root/geoexplorer/results/checkpoint/appendix_compare_20260519/anchor0624_gate_valdist_dense_followup/gate_floor_dense_0p7_seed321_t480k/geoexplorer.pt
gate_floor_dense,0.700,gate_floor_dense_0p7_seed321_t480k,xbd_disaster_aerial,0.284750,0.357250,0.532250,0.704000,0.737250,/root/geoexplorer/results/checkpoint/appendix_compare_20260519/anchor0624_gate_valdist_dense_followup/gate_floor_dense_0p7_seed321_t480k/geoexplorer.pt
gate_floor_dense,0.800,gate_floor_dense_0p8_seed321_t480k,masa_aerial,0.320000,0.320000,0.660000,0.820000,0.900000,/root/geoexplorer/results/checkpoint/appendix_compare_20260519/anchor0624_gate_valdist_dense_followup/gate_floor_dense_0p8_seed321_t480k/geoexplorer.pt
gate_floor_dense,0.800,gate_floor_dense_0p8_seed321_t480k,mmgag_aerial,0.340426,0.357447,0.536170,0.791489,0.838298,/root/geoexplorer/results/checkpoint/appendix_compare_20260519/anchor0624_gate_valdist_dense_followup/gate_floor_dense_0p8_seed321_t480k/geoexplorer.pt
gate_floor_dense,0.800,gate_floor_dense_0p8_seed321_t480k,mmgag_ground,0.276596,0.374468,0.574468,0.808511,0.919149,/root/geoexplorer/results/checkpoint/appendix_compare_20260519/anchor0624_gate_valdist_dense_followup/gate_floor_dense_0p8_seed321_t480k/geoexplorer.pt
gate_floor_dense,0.800,gate_floor_dense_0p8_seed321_t480k,mmgag_text,0.336170,0.400000,0.570213,0.714894,0.817021,/root/geoexplorer/results/checkpoint/appendix_compare_20260519/anchor0624_gate_valdist_dense_followup/gate_floor_dense_0p8_seed321_t480k/geoexplorer.pt
gate_floor_dense,0.800,gate_floor_dense_0p8_seed321_t480k,swissview100_aerial,0.322000,0.372000,0.590000,0.748000,0.786000,/root/geoexplorer/results/checkpoint/appendix_compare_20260519/anchor0624_gate_valdist_dense_followup/gate_floor_dense_0p8_seed321_t480k/geoexplorer.pt
gate_floor_dense,0.800,gate_floor_dense_0p8_seed321_t480k,swissviewmonuments_aerial,0.325333,0.444444,0.613333,0.705556,0.666667,/root/geoexplorer/results/checkpoint/appendix_compare_20260519/anchor0624_gate_valdist_dense_followup/gate_floor_dense_0p8_seed321_t480k/geoexplorer.pt
gate_floor_dense,0.800,gate_floor_dense_0p8_seed321_t480k,swissviewmonuments_ground,0.328000,0.475000,0.630000,0.722222,0.750000,/root/geoexplorer/results/checkpoint/appendix_compare_20260519/anchor0624_gate_valdist_dense_followup/gate_floor_dense_0p8_seed321_t480k/geoexplorer.pt
gate_floor_dense,0.800,gate_floor_dense_0p8_seed321_t480k,xbd_pre_aerial,0.293750,0.386500,0.587750,0.737000,0.787500,/root/geoexplorer/results/checkpoint/appendix_compare_20260519/anchor0624_gate_valdist_dense_followup/gate_floor_dense_0p8_seed321_t480k/geoexplorer.pt
gate_floor_dense,0.800,gate_floor_dense_0p8_seed321_t480k,xbd_disaster_aerial,0.301500,0.395000,0.601750,0.766000,0.821500,/root/geoexplorer/results/checkpoint/appendix_compare_20260519/anchor0624_gate_valdist_dense_followup/gate_floor_dense_0p8_seed321_t480k/geoexplorer.pt
gate_floor_dense,0.900,gate_floor_dense_0p9_seed321_t480k,masa_aerial,0.280000,0.280000,0.520000,0.600000,0.680000,/root/geoexplorer/results/checkpoint/appendix_compare_20260519/anchor0624_gate_valdist_dense_followup/gate_floor_dense_0p9_seed321_t480k/geoexplorer.pt
gate_floor_dense,0.900,gate_floor_dense_0p9_seed321_t480k,mmgag_aerial,0.365957,0.374468,0.519149,0.557447,0.540426,/root/geoexplorer/results/checkpoint/appendix_compare_20260519/anchor0624_gate_valdist_dense_followup/gate_floor_dense_0p9_seed321_t480k/geoexplorer.pt
gate_floor_dense,0.900,gate_floor_dense_0p9_seed321_t480k,mmgag_ground,0.323404,0.361702,0.493617,0.544681,0.519149,/root/geoexplorer/results/checkpoint/appendix_compare_20260519/anchor0624_gate_valdist_dense_followup/gate_floor_dense_0p9_seed321_t480k/geoexplorer.pt
gate_floor_dense,0.900,gate_floor_dense_0p9_seed321_t480k,mmgag_text,0.344681,0.348936,0.455319,0.531915,0.502128,/root/geoexplorer/results/checkpoint/appendix_compare_20260519/anchor0624_gate_valdist_dense_followup/gate_floor_dense_0p9_seed321_t480k/geoexplorer.pt
gate_floor_dense,0.900,gate_floor_dense_0p9_seed321_t480k,swissview100_aerial,0.382000,0.454000,0.492000,0.478000,0.314000,/root/geoexplorer/results/checkpoint/appendix_compare_20260519/anchor0624_gate_valdist_dense_followup/gate_floor_dense_0p9_seed321_t480k/geoexplorer.pt
gate_floor_dense,0.900,gate_floor_dense_0p9_seed321_t480k,swissviewmonuments_aerial,0.349333,0.438889,0.566667,0.550000,0.500000,/root/geoexplorer/results/checkpoint/appendix_compare_20260519/anchor0624_gate_valdist_dense_followup/gate_floor_dense_0p9_seed321_t480k/geoexplorer.pt
gate_floor_dense,0.900,gate_floor_dense_0p9_seed321_t480k,swissviewmonuments_ground,0.389333,0.452778,0.566667,0.566667,0.500000,/root/geoexplorer/results/checkpoint/appendix_compare_20260519/anchor0624_gate_valdist_dense_followup/gate_floor_dense_0p9_seed321_t480k/geoexplorer.pt
gate_floor_dense,0.900,gate_floor_dense_0p9_seed321_t480k,xbd_pre_aerial,0.336500,0.388250,0.502500,0.533000,0.550500,/root/geoexplorer/results/checkpoint/appendix_compare_20260519/anchor0624_gate_valdist_dense_followup/gate_floor_dense_0p9_seed321_t480k/geoexplorer.pt
gate_floor_dense,0.900,gate_floor_dense_0p9_seed321_t480k,xbd_disaster_aerial,0.334750,0.393250,0.502750,0.559000,0.552750,/root/geoexplorer/results/checkpoint/appendix_compare_20260519/anchor0624_gate_valdist_dense_followup/gate_floor_dense_0p9_seed321_t480k/geoexplorer.pt
gate_floor_dense,1.000,gate_floor_dense_1_seed321_t480k,masa_aerial,0.340000,0.420000,0.380000,0.480000,0.380000,/root/geoexplorer/results/checkpoint/appendix_compare_20260519/anchor0624_gate_valdist_dense_followup/gate_floor_dense_1_seed321_t480k/geoexplorer.pt
gate_floor_dense,1.000,gate_floor_dense_1_seed321_t480k,mmgag_aerial,0.310638,0.365957,0.417021,0.348936,0.276596,/root/geoexplorer/results/checkpoint/appendix_compare_20260519/anchor0624_gate_valdist_dense_followup/gate_floor_dense_1_seed321_t480k/geoexplorer.pt
gate_floor_dense,1.000,gate_floor_dense_1_seed321_t480k,mmgag_ground,0.259574,0.340426,0.421277,0.370213,0.276596,/root/geoexplorer/results/checkpoint/appendix_compare_20260519/anchor0624_gate_valdist_dense_followup/gate_floor_dense_1_seed321_t480k/geoexplorer.pt
gate_floor_dense,1.000,gate_floor_dense_1_seed321_t480k,mmgag_text,0.276596,0.353191,0.429787,0.306383,0.238298,/root/geoexplorer/results/checkpoint/appendix_compare_20260519/anchor0624_gate_valdist_dense_followup/gate_floor_dense_1_seed321_t480k/geoexplorer.pt
gate_floor_dense,1.000,gate_floor_dense_1_seed321_t480k,swissview100_aerial,0.420000,0.368000,0.428000,0.386000,0.200000,/root/geoexplorer/results/checkpoint/appendix_compare_20260519/anchor0624_gate_valdist_dense_followup/gate_floor_dense_1_seed321_t480k/geoexplorer.pt
gate_floor_dense,1.000,gate_floor_dense_1_seed321_t480k,swissviewmonuments_aerial,0.309333,0.369444,0.433333,0.372222,0.283333,/root/geoexplorer/results/checkpoint/appendix_compare_20260519/anchor0624_gate_valdist_dense_followup/gate_floor_dense_1_seed321_t480k/geoexplorer.pt
gate_floor_dense,1.000,gate_floor_dense_1_seed321_t480k,swissviewmonuments_ground,0.309333,0.358333,0.446667,0.450000,0.366667,/root/geoexplorer/results/checkpoint/appendix_compare_20260519/anchor0624_gate_valdist_dense_followup/gate_floor_dense_1_seed321_t480k/geoexplorer.pt
gate_floor_dense,1.000,gate_floor_dense_1_seed321_t480k,xbd_pre_aerial,0.324250,0.350000,0.417500,0.382500,0.258750,/root/geoexplorer/results/checkpoint/appendix_compare_20260519/anchor0624_gate_valdist_dense_followup/gate_floor_dense_1_seed321_t480k/geoexplorer.pt
gate_floor_dense,1.000,gate_floor_dense_1_seed321_t480k,xbd_disaster_aerial,0.342500,0.340250,0.427500,0.405750,0.290750,/root/geoexplorer/results/checkpoint/appendix_compare_20260519/anchor0624_gate_valdist_dense_followup/gate_floor_dense_1_seed321_t480k/geoexplorer.pt
val_dists_bias,4,val_dists_4_seed321_t480k,masa_aerial,0.300000,0.340000,0.480000,0.580000,0.500000,/root/geoexplorer/results/checkpoint/appendix_compare_20260519/anchor0624_gate_valdist_dense_followup/val_dists_4_seed321_t480k/geoexplorer.pt
val_dists_bias,4,val_dists_4_seed321_t480k,mmgag_aerial,0.319149,0.451064,0.514894,0.523404,0.472340,/root/geoexplorer/results/checkpoint/appendix_compare_20260519/anchor0624_gate_valdist_dense_followup/val_dists_4_seed321_t480k/geoexplorer.pt
val_dists_bias,4,val_dists_4_seed321_t480k,mmgag_ground,0.297872,0.404255,0.493617,0.557447,0.493617,/root/geoexplorer/results/checkpoint/appendix_compare_20260519/anchor0624_gate_valdist_dense_followup/val_dists_4_seed321_t480k/geoexplorer.pt
val_dists_bias,4,val_dists_4_seed321_t480k,mmgag_text,0.348936,0.434043,0.451064,0.438298,0.429787,/root/geoexplorer/results/checkpoint/appendix_compare_20260519/anchor0624_gate_valdist_dense_followup/val_dists_4_seed321_t480k/geoexplorer.pt
val_dists_bias,4,val_dists_4_seed321_t480k,swissview100_aerial,0.432000,0.470000,0.514000,0.486000,0.316000,/root/geoexplorer/results/checkpoint/appendix_compare_20260519/anchor0624_gate_valdist_dense_followup/val_dists_4_seed321_t480k/geoexplorer.pt
val_dists_bias,4,val_dists_4_seed321_t480k,swissviewmonuments_aerial,0.336000,0.461111,0.516667,0.483333,0.516667,/root/geoexplorer/results/checkpoint/appendix_compare_20260519/anchor0624_gate_valdist_dense_followup/val_dists_4_seed321_t480k/geoexplorer.pt
val_dists_bias,4,val_dists_4_seed321_t480k,swissviewmonuments_ground,0.384000,0.447222,0.570000,0.505556,0.450000,/root/geoexplorer/results/checkpoint/appendix_compare_20260519/anchor0624_gate_valdist_dense_followup/val_dists_4_seed321_t480k/geoexplorer.pt
val_dists_bias,4,val_dists_4_seed321_t480k,xbd_pre_aerial,0.336250,0.398250,0.488750,0.501250,0.446250,/root/geoexplorer/results/checkpoint/appendix_compare_20260519/anchor0624_gate_valdist_dense_followup/val_dists_4_seed321_t480k/geoexplorer.pt
val_dists_bias,4,val_dists_4_seed321_t480k,xbd_disaster_aerial,0.335000,0.395750,0.487250,0.527000,0.476000,/root/geoexplorer/results/checkpoint/appendix_compare_20260519/anchor0624_gate_valdist_dense_followup/val_dists_4_seed321_t480k/geoexplorer.pt
val_dists_bias,"4,5",val_dists_45_seed321_t480k,masa_aerial,0.260000,0.320000,0.500000,0.520000,0.600000,/root/geoexplorer/results/checkpoint/appendix_compare_20260519/anchor0624_gate_valdist_dense_followup/val_dists_45_seed321_t480k/geoexplorer.pt
val_dists_bias,"4,5",val_dists_45_seed321_t480k,mmgag_aerial,0.391489,0.404255,0.463830,0.455319,0.331915,/root/geoexplorer/results/checkpoint/appendix_compare_20260519/anchor0624_gate_valdist_dense_followup/val_dists_45_seed321_t480k/geoexplorer.pt
val_dists_bias,"4,5",val_dists_45_seed321_t480k,mmgag_ground,0.365957,0.451064,0.514894,0.472340,0.319149,/root/geoexplorer/results/checkpoint/appendix_compare_20260519/anchor0624_gate_valdist_dense_followup/val_dists_45_seed321_t480k/geoexplorer.pt
val_dists_bias,"4,5",val_dists_45_seed321_t480k,mmgag_text,0.344681,0.404255,0.442553,0.412766,0.310638,/root/geoexplorer/results/checkpoint/appendix_compare_20260519/anchor0624_gate_valdist_dense_followup/val_dists_45_seed321_t480k/geoexplorer.pt
val_dists_bias,"4,5",val_dists_45_seed321_t480k,swissview100_aerial,0.408000,0.458000,0.494000,0.416000,0.258000,/root/geoexplorer/results/checkpoint/appendix_compare_20260519/anchor0624_gate_valdist_dense_followup/val_dists_45_seed321_t480k/geoexplorer.pt
val_dists_bias,"4,5",val_dists_45_seed321_t480k,swissviewmonuments_aerial,0.386667,0.475000,0.556667,0.494444,0.383333,/root/geoexplorer/results/checkpoint/appendix_compare_20260519/anchor0624_gate_valdist_dense_followup/val_dists_45_seed321_t480k/geoexplorer.pt
val_dists_bias,"4,5",val_dists_45_seed321_t480k,swissviewmonuments_ground,0.392000,0.497222,0.560000,0.477778,0.500000,/root/geoexplorer/results/checkpoint/appendix_compare_20260519/anchor0624_gate_valdist_dense_followup/val_dists_45_seed321_t480k/geoexplorer.pt
val_dists_bias,"4,5",val_dists_45_seed321_t480k,xbd_pre_aerial,0.362000,0.415500,0.506000,0.501000,0.375750,/root/geoexplorer/results/checkpoint/appendix_compare_20260519/anchor0624_gate_valdist_dense_followup/val_dists_45_seed321_t480k/geoexplorer.pt
val_dists_bias,"4,5",val_dists_45_seed321_t480k,xbd_disaster_aerial,0.361750,0.428500,0.507250,0.506500,0.390750,/root/geoexplorer/results/checkpoint/appendix_compare_20260519/anchor0624_gate_valdist_dense_followup/val_dists_45_seed321_t480k/geoexplorer.pt
val_dists_bias,"4,5,6",val_dists_456_seed321_t480k,masa_aerial,0.360000,0.340000,0.520000,0.600000,0.580000,/root/geoexplorer/results/checkpoint/appendix_compare_20260519/anchor0624_gate_valdist_dense_followup/val_dists_456_seed321_t480k/geoexplorer.pt
val_dists_bias,"4,5,6",val_dists_456_seed321_t480k,mmgag_aerial,0.400000,0.442553,0.468085,0.502128,0.421277,/root/geoexplorer/results/checkpoint/appendix_compare_20260519/anchor0624_gate_valdist_dense_followup/val_dists_456_seed321_t480k/geoexplorer.pt
val_dists_bias,"4,5,6",val_dists_456_seed321_t480k,mmgag_ground,0.408511,0.459574,0.510638,0.548936,0.391489,/root/geoexplorer/results/checkpoint/appendix_compare_20260519/anchor0624_gate_valdist_dense_followup/val_dists_456_seed321_t480k/geoexplorer.pt
val_dists_bias,"4,5,6",val_dists_456_seed321_t480k,mmgag_text,0.412766,0.480851,0.493617,0.489362,0.404255,/root/geoexplorer/results/checkpoint/appendix_compare_20260519/anchor0624_gate_valdist_dense_followup/val_dists_456_seed321_t480k/geoexplorer.pt
val_dists_bias,"4,5,6",val_dists_456_seed321_t480k,swissview100_aerial,0.456000,0.512000,0.604000,0.562000,0.398000,/root/geoexplorer/results/checkpoint/appendix_compare_20260519/anchor0624_gate_valdist_dense_followup/val_dists_456_seed321_t480k/geoexplorer.pt
val_dists_bias,"4,5,6",val_dists_456_seed321_t480k,swissviewmonuments_aerial,0.434667,0.500000,0.586667,0.588889,0.400000,/root/geoexplorer/results/checkpoint/appendix_compare_20260519/anchor0624_gate_valdist_dense_followup/val_dists_456_seed321_t480k/geoexplorer.pt
val_dists_bias,"4,5,6",val_dists_456_seed321_t480k,swissviewmonuments_ground,0.426667,0.513889,0.616667,0.611111,0.366667,/root/geoexplorer/results/checkpoint/appendix_compare_20260519/anchor0624_gate_valdist_dense_followup/val_dists_456_seed321_t480k/geoexplorer.pt
val_dists_bias,"4,5,6",val_dists_456_seed321_t480k,xbd_pre_aerial,0.393000,0.449250,0.549500,0.545000,0.427000,/root/geoexplorer/results/checkpoint/appendix_compare_20260519/anchor0624_gate_valdist_dense_followup/val_dists_456_seed321_t480k/geoexplorer.pt
val_dists_bias,"4,5,6",val_dists_456_seed321_t480k,xbd_disaster_aerial,0.408750,0.472000,0.557750,0.547000,0.428500,/root/geoexplorer/results/checkpoint/appendix_compare_20260519/anchor0624_gate_valdist_dense_followup/val_dists_456_seed321_t480k/geoexplorer.pt
val_dists_bias,"5,6,7",val_dists_567_seed321_t480k,masa_aerial,0.420000,0.440000,0.520000,0.760000,0.920000,/root/geoexplorer/results/checkpoint/appendix_compare_20260519/anchor0624_gate_valdist_dense_followup/val_dists_567_seed321_t480k/geoexplorer.pt
val_dists_bias,"5,6,7",val_dists_567_seed321_t480k,mmgag_aerial,0.353191,0.404255,0.527660,0.668085,0.765957,/root/geoexplorer/results/checkpoint/appendix_compare_20260519/anchor0624_gate_valdist_dense_followup/val_dists_567_seed321_t480k/geoexplorer.pt
val_dists_bias,"5,6,7",val_dists_567_seed321_t480k,mmgag_ground,0.297872,0.421277,0.553191,0.685106,0.714894,/root/geoexplorer/results/checkpoint/appendix_compare_20260519/anchor0624_gate_valdist_dense_followup/val_dists_567_seed321_t480k/geoexplorer.pt
val_dists_bias,"5,6,7",val_dists_567_seed321_t480k,mmgag_text,0.276596,0.340426,0.434043,0.582979,0.621277,/root/geoexplorer/results/checkpoint/appendix_compare_20260519/anchor0624_gate_valdist_dense_followup/val_dists_567_seed321_t480k/geoexplorer.pt
val_dists_bias,"5,6,7",val_dists_567_seed321_t480k,swissview100_aerial,0.366000,0.436000,0.564000,0.652000,0.584000,/root/geoexplorer/results/checkpoint/appendix_compare_20260519/anchor0624_gate_valdist_dense_followup/val_dists_567_seed321_t480k/geoexplorer.pt
val_dists_bias,"5,6,7",val_dists_567_seed321_t480k,swissviewmonuments_aerial,0.338667,0.408333,0.510000,0.572222,0.583333,/root/geoexplorer/results/checkpoint/appendix_compare_20260519/anchor0624_gate_valdist_dense_followup/val_dists_567_seed321_t480k/geoexplorer.pt
val_dists_bias,"5,6,7",val_dists_567_seed321_t480k,swissviewmonuments_ground,0.320000,0.422222,0.540000,0.627778,0.533333,/root/geoexplorer/results/checkpoint/appendix_compare_20260519/anchor0624_gate_valdist_dense_followup/val_dists_567_seed321_t480k/geoexplorer.pt
val_dists_bias,"5,6,7",val_dists_567_seed321_t480k,xbd_pre_aerial,0.312500,0.375750,0.550000,0.666750,0.725250,/root/geoexplorer/results/checkpoint/appendix_compare_20260519/anchor0624_gate_valdist_dense_followup/val_dists_567_seed321_t480k/geoexplorer.pt
val_dists_bias,"5,6,7",val_dists_567_seed321_t480k,xbd_disaster_aerial,0.308500,0.376250,0.566750,0.692750,0.745750,/root/geoexplorer/results/checkpoint/appendix_compare_20260519/anchor0624_gate_valdist_dense_followup/val_dists_567_seed321_t480k/geoexplorer.pt
val_dists_bias,8,val_dists_8_seed321_t480k,masa_aerial,0.400000,0.220000,0.540000,0.620000,0.620000,/root/geoexplorer/results/checkpoint/appendix_compare_20260519/anchor0624_gate_valdist_dense_followup/val_dists_8_seed321_t480k/geoexplorer.pt
val_dists_bias,8,val_dists_8_seed321_t480k,mmgag_aerial,0.327660,0.395745,0.527660,0.651064,0.689362,/root/geoexplorer/results/checkpoint/appendix_compare_20260519/anchor0624_gate_valdist_dense_followup/val_dists_8_seed321_t480k/geoexplorer.pt
val_dists_bias,8,val_dists_8_seed321_t480k,mmgag_ground,0.344681,0.404255,0.523404,0.621277,0.706383,/root/geoexplorer/results/checkpoint/appendix_compare_20260519/anchor0624_gate_valdist_dense_followup/val_dists_8_seed321_t480k/geoexplorer.pt
val_dists_bias,8,val_dists_8_seed321_t480k,mmgag_text,0.348936,0.412766,0.502128,0.548936,0.565957,/root/geoexplorer/results/checkpoint/appendix_compare_20260519/anchor0624_gate_valdist_dense_followup/val_dists_8_seed321_t480k/geoexplorer.pt
val_dists_bias,8,val_dists_8_seed321_t480k,swissview100_aerial,0.356000,0.432000,0.498000,0.552000,0.500000,/root/geoexplorer/results/checkpoint/appendix_compare_20260519/anchor0624_gate_valdist_dense_followup/val_dists_8_seed321_t480k/geoexplorer.pt
val_dists_bias,8,val_dists_8_seed321_t480k,swissviewmonuments_aerial,0.341333,0.450000,0.550000,0.616667,0.683333,/root/geoexplorer/results/checkpoint/appendix_compare_20260519/anchor0624_gate_valdist_dense_followup/val_dists_8_seed321_t480k/geoexplorer.pt
val_dists_bias,8,val_dists_8_seed321_t480k,swissviewmonuments_ground,0.413333,0.491667,0.596667,0.616667,0.633333,/root/geoexplorer/results/checkpoint/appendix_compare_20260519/anchor0624_gate_valdist_dense_followup/val_dists_8_seed321_t480k/geoexplorer.pt
val_dists_bias,8,val_dists_8_seed321_t480k,xbd_pre_aerial,0.326250,0.386000,0.512000,0.603250,0.630750,/root/geoexplorer/results/checkpoint/appendix_compare_20260519/anchor0624_gate_valdist_dense_followup/val_dists_8_seed321_t480k/geoexplorer.pt
val_dists_bias,8,val_dists_8_seed321_t480k,xbd_disaster_aerial,0.323000,0.400250,0.524000,0.617000,0.635250,/root/geoexplorer/results/checkpoint/appendix_compare_20260519/anchor0624_gate_valdist_dense_followup/val_dists_8_seed321_t480k/geoexplorer.pt
