family,value,run,group,trainset_key,seed,target_steps,mean_all_sg,mean_transfer_sg,masa_aerial,mmgag_aerial,mmgag_ground,mmgag_text,swissview100_aerial,swissviewmonuments_aerial,swissviewmonuments_ground,xbd_pre_aerial,xbd_disaster_aerial,checkpoint
gate_floor_dense,0.000,gate_floor_dense_0_seed321_t480k,gate_floor_dense,masa_plus_mmgag,321,480000,1.914089,1.894779,1.896000,1.827234,1.793191,1.887660,2.243600,1.878431,1.800784,1.980950,1.918950,/root/geoexplorer/results/checkpoint/appendix_compare_20260519/anchor0624_gate_valdist_dense_followup/gate_floor_dense_0_seed321_t480k/geoexplorer.pt
gate_floor_dense,0.100,gate_floor_dense_0p1_seed321_t480k,gate_floor_dense,masa_plus_mmgag,321,480000,1.915001,1.939025,1.684000,1.859574,1.838298,2.030638,2.066400,1.979608,1.915294,1.940150,1.921050,/root/geoexplorer/results/checkpoint/appendix_compare_20260519/anchor0624_gate_valdist_dense_followup/gate_floor_dense_0p1_seed321_t480k/geoexplorer.pt
gate_floor_dense,0.200,gate_floor_dense_0p2_seed321_t480k,gate_floor_dense,masa_plus_mmgag,321,480000,1.566891,1.635104,1.544000,1.462979,1.445957,1.531064,1.577600,1.703529,1.630588,1.642550,1.563750,/root/geoexplorer/results/checkpoint/appendix_compare_20260519/anchor0624_gate_valdist_dense_followup/gate_floor_dense_0p2_seed321_t480k/geoexplorer.pt
gate_floor_dense,0.300,gate_floor_dense_0p3_seed321_t480k,gate_floor_dense,masa_plus_mmgag,321,480000,1.960849,1.876539,2.200000,1.968511,2.014468,2.081702,1.876800,1.883922,1.708235,1.963200,1.950800,/root/geoexplorer/results/checkpoint/appendix_compare_20260519/anchor0624_gate_valdist_dense_followup/gate_floor_dense_0p3_seed321_t480k/geoexplorer.pt
gate_floor_dense,0.400,gate_floor_dense_0p4_seed321_t480k,gate_floor_dense,masa_plus_mmgag,321,480000,1.364075,1.441560,1.240000,1.227234,1.248511,1.311489,1.483200,1.537255,1.520784,1.365600,1.342600,/root/geoexplorer/results/checkpoint/appendix_compare_20260519/anchor0624_gate_valdist_dense_followup/gate_floor_dense_0p4_seed321_t480k/geoexplorer.pt
gate_floor_dense,0.600,gate_floor_dense_0p6_seed321_t480k,gate_floor_dense,masa_plus_mmgag,321,480000,1.356653,1.449010,1.228000,1.218723,1.221277,1.310638,1.435200,1.596863,1.556078,1.332250,1.310850,/root/geoexplorer/results/checkpoint/appendix_compare_20260519/anchor0624_gate_valdist_dense_followup/gate_floor_dense_0p6_seed321_t480k/geoexplorer.pt
gate_floor_dense,0.700,gate_floor_dense_0p7_seed321_t480k,gate_floor_dense,masa_plus_mmgag,321,480000,1.445964,1.505989,1.328000,1.302979,1.337021,1.535319,1.486400,1.559216,1.540392,1.488300,1.436050,/root/geoexplorer/results/checkpoint/appendix_compare_20260519/anchor0624_gate_valdist_dense_followup/gate_floor_dense_0p7_seed321_t480k/geoexplorer.pt
gate_floor_dense,0.800,gate_floor_dense_0p8_seed321_t480k,gate_floor_dense,masa_plus_mmgag,321,480000,1.327726,1.419154,1.156000,1.268085,1.220426,1.286809,1.341600,1.555294,1.443922,1.371100,1.306300,/root/geoexplorer/results/checkpoint/appendix_compare_20260519/anchor0624_gate_valdist_dense_followup/gate_floor_dense_0p8_seed321_t480k/geoexplorer.pt
gate_floor_dense,0.900,gate_floor_dense_0p9_seed321_t480k,gate_floor_dense,masa_plus_mmgag,321,480000,1.913451,1.828636,1.928000,1.834043,1.908936,1.992340,2.243200,1.812549,1.715294,1.908750,1.877950,/root/geoexplorer/results/checkpoint/appendix_compare_20260519/anchor0624_gate_valdist_dense_followup/gate_floor_dense_0p9_seed321_t480k/geoexplorer.pt
gate_floor_dense,1.000,gate_floor_dense_1_seed321_t480k,gate_floor_dense,masa_plus_mmgag,321,480000,2.158124,2.153159,1.884000,2.229787,2.184681,2.286809,2.225200,2.166275,2.021961,2.217600,2.206800,/root/geoexplorer/results/checkpoint/appendix_compare_20260519/anchor0624_gate_valdist_dense_followup/gate_floor_dense_1_seed321_t480k/geoexplorer.pt
val_dists_bias,4,val_dists_4_seed321_t480k,val_dists_bias,masa_plus_mmgag,321,480000,2.018440,1.967115,1.976000,1.975319,1.971064,2.131915,2.243200,1.930196,1.824314,2.081000,2.032950,/root/geoexplorer/results/checkpoint/appendix_compare_20260519/anchor0624_gate_valdist_dense_followup/val_dists_4_seed321_t480k/geoexplorer.pt
val_dists_bias,"4,5",val_dists_45_seed321_t480k,val_dists_bias,masa_plus_mmgag,321,480000,2.090590,1.969906,2.040000,2.134468,2.123404,2.330213,2.307600,1.860392,1.853333,2.102600,2.063300,/root/geoexplorer/results/checkpoint/appendix_compare_20260519/anchor0624_gate_valdist_dense_followup/val_dists_45_seed321_t480k/geoexplorer.pt
val_dists_bias,"4,5,6",val_dists_456_seed321_t480k,val_dists_bias,masa_plus_mmgag,321,480000,1.960048,1.874161,1.844000,2.136170,2.102979,2.110638,1.950000,1.794510,1.705882,2.032350,1.963900,/root/geoexplorer/results/checkpoint/appendix_compare_20260519/anchor0624_gate_valdist_dense_followup/val_dists_456_seed321_t480k/geoexplorer.pt
val_dists_bias,"5,6,7",val_dists_567_seed321_t480k,val_dists_bias,masa_plus_mmgag,321,480000,1.580279,1.684661,1.168000,1.404255,1.460426,1.786383,1.664800,1.835294,1.812549,1.580600,1.510200,/root/geoexplorer/results/checkpoint/appendix_compare_20260519/anchor0624_gate_valdist_dense_followup/val_dists_567_seed321_t480k/geoexplorer.pt
val_dists_bias,8,val_dists_8_seed321_t480k,val_dists_bias,masa_plus_mmgag,321,480000,1.739567,1.693928,1.808000,1.674894,1.629787,1.848511,1.919200,1.724706,1.604706,1.740050,1.706250,/root/geoexplorer/results/checkpoint/appendix_compare_20260519/anchor0624_gate_valdist_dense_followup/val_dists_8_seed321_t480k/geoexplorer.pt
