group,name,method,method_key,method_type,branch,role,G_gate,P_pbrs,E_low_entropy,V_val78,benchmark,paper_table,dataset,goal_mode,fixed_goal_mode,repeats_per_dist,num_images,num_tasks,success_ratio,success_ratio_ci_low,success_ratio_ci_high,sg_mean,avg_steps_on_success,avg_deviation_on_success,d1_trials,d1_success,d1_sr,d1_ci_low,d1_ci_high,d1_sg_mean,d2_trials,d2_success,d2_sr,d2_ci_low,d2_ci_high,d2_sg_mean,d3_trials,d3_success,d3_sr,d3_ci_low,d3_ci_high,d3_sg_mean,output_path,checkpoint,llm_checkpoint
comparison,comparison__random__masa_aerial,Random policy,random,random,,,,,,,masa_aerial,Table 1,masa,aerial,none,5,10,150,0.32,0.25064412359702404,0.39834548649543466,2.2466666666666666,4.5625,2.7916666666666665,50,21,0.42,0.2937479723456693,0.5576680331222217,1.98,50,17,0.34,0.22436769635061063,0.47846431458517147,1.96,50,10,0.2,0.11243629945973886,0.3303737210448524,2.8,/root/geoexplorer/analysis/short_distance_c123_eval_20260609_161734/eval_json/comparison/random/masa_aerial.json,,
comparison,comparison__random__mmgag_aerial,Random policy,random,random,,,,,,,mmgag_aerial,Table 2 Goal=I,mmgag,aerial,none,5,47,705,0.3645390070921986,0.3298333554276723,0.40071293305201056,2.031205673758865,4.124513618677042,2.443579766536965,235,128,0.5446808510638298,0.4807998509720139,0.6071245307102392,1.3829787234042554,235,83,0.35319148936170214,0.294889879326385,0.4162157237176408,1.9404255319148935,235,46,0.19574468085106383,0.1500807336480135,0.2511960958490255,2.7702127659574467,/root/geoexplorer/analysis/short_distance_c123_eval_20260609_161734/eval_json/comparison/random/mmgag_aerial.json,,
comparison,comparison__random__xbd_pre_aerial,Random policy,random,random,,,,,,,xbd_pre_aerial,Table S3 xBD-pre,xbd,aerial,none,5,800,12000,0.3883333333333333,0.37965021755150397,0.397087922678537,1.9726666666666666,3.9553648068669527,2.2618025751072963,4000,2258,0.5645,0.5490796700742044,0.5797965571971242,1.3445,4000,1572,0.393,0.3779733846544382,0.40823194374816385,1.96,4000,830,0.2075,0.1952164519745141,0.2203448429578328,2.6135,/root/geoexplorer/analysis/short_distance_c123_eval_20260609_161734/eval_json/comparison/random/xbd_pre_aerial.json,,
comparison,comparison__random__xbd_disaster_aerial,Random policy,random,random,,,,,,,xbd_disaster_aerial,Table 3 / Table S3 xBD-disaster,xbd-post,aerial,none,5,800,12000,0.3883333333333333,0.37965021755150397,0.397087922678537,1.9726666666666666,3.9553648068669527,2.2618025751072963,4000,2258,0.5645,0.5490796700742044,0.5797965571971242,1.3445,4000,1572,0.393,0.3779733846544382,0.40823194374816385,1.96,4000,830,0.2075,0.1952164519745141,0.2203448429578328,2.6135,/root/geoexplorer/analysis/short_distance_c123_eval_20260609_161734/eval_json/comparison/random/xbd_disaster_aerial.json,,
comparison,comparison__gomaa__masa_aerial,GOMAA-Geo,gomaa,gomaa,,,,,,,masa_aerial,Table 1,masa,aerial,none,5,10,150,0.31333333333333335,0.2445479868464793,0.3914412384345891,2.94,2.8297872340425534,0.5957446808510638,50,13,0.26,0.15871379651367387,0.39553421988999915,3.58,50,10,0.2,0.11243629945973886,0.3303737210448524,3.16,50,24,0.48,0.3479691239550571,0.6148848774119157,2.08,/root/geoexplorer/analysis/short_distance_c123_eval_20260609_161734/eval_json/comparison/gomaa/masa_aerial.json,/root/src/compare_baselines_bundle_20260505_v2/compare_baselines_bundle/gomaa_geo_official/gomaa_geo/checkpoint/formal_ppo_seed42_t480k/formal_ppo.pt,/root/src/compare_baselines_bundle_20260505_v2/compare_baselines_bundle/gomaa_geo_official/gomaa_geo/checkpoint/formal_pretrain_seed42_e50/formal_falcon.ckpt
comparison,comparison__gomaa__mmgag_aerial,GOMAA-Geo,gomaa,gomaa,,,,,,,mmgag_aerial,Table 2 Goal=I,mmgag,aerial,none,5,47,705,0.25673758865248225,0.2258703366854372,0.2902415845110613,3.083687943262411,2.6187845303867405,0.6298342541436464,235,63,0.2680851063829787,0.21551340326277862,0.32811718705314624,3.404255319148936,235,57,0.2425531914893617,0.1921764072130071,0.3012116792844874,3.1829787234042555,235,61,0.25957446808510637,0.2077074846786052,0.3191756043645096,2.6638297872340426,/root/geoexplorer/analysis/short_distance_c123_eval_20260609_161734/eval_json/comparison/gomaa/mmgag_aerial.json,/root/src/compare_baselines_bundle_20260505_v2/compare_baselines_bundle/gomaa_geo_official/gomaa_geo/checkpoint/formal_ppo_seed42_t480k/formal_ppo.pt,/root/src/compare_baselines_bundle_20260505_v2/compare_baselines_bundle/gomaa_geo_official/gomaa_geo/checkpoint/formal_pretrain_seed42_e50/formal_falcon.ckpt
comparison,comparison__gomaa__mmgag_ground,GOMAA-Geo,gomaa,gomaa,,,,,,,mmgag_ground,Table 2 Goal=G,mmgag,ground,none,5,47,705,0.275177304964539,0.24349530266625713,0.30929618135499665,3.078014184397163,2.5463917525773194,0.5876288659793815,235,72,0.30638297872340425,0.25094965182745355,0.36804469421611674,3.3063829787234043,235,58,0.24680851063829787,0.1960488063224332,0.30571303081146634,3.2,235,64,0.2723404255319149,0.2194260965948871,0.3325782443574429,2.727659574468085,/root/geoexplorer/analysis/short_distance_c123_eval_20260609_161734/eval_json/comparison/gomaa/mmgag_ground.json,/root/src/compare_baselines_bundle_20260505_v2/compare_baselines_bundle/gomaa_geo_official/gomaa_geo/checkpoint/formal_ppo_seed42_t480k/formal_ppo.pt,/root/src/compare_baselines_bundle_20260505_v2/compare_baselines_bundle/gomaa_geo_official/gomaa_geo/checkpoint/formal_pretrain_seed42_e50/formal_falcon.ckpt
comparison,comparison__gomaa__mmgag_text,GOMAA-Geo,gomaa,gomaa,,,,,,,mmgag_text,Table 2 Goal=T,mmgag,text,none,5,47,705,0.27801418439716313,0.2462131382873617,0.312221355399239,2.9957446808510637,2.4285714285714284,0.5408163265306123,235,81,0.3446808510638298,0.28685245817758087,0.40750564359363484,3.157446808510638,235,56,0.23829787234042554,0.18831111998344408,0.2967032158776454,3.1659574468085108,235,59,0.251063829787234,0.19992819562860054,0.3102073921417041,2.6638297872340426,/root/geoexplorer/analysis/short_distance_c123_eval_20260609_161734/eval_json/comparison/gomaa/mmgag_text.json,/root/src/compare_baselines_bundle_20260505_v2/compare_baselines_bundle/gomaa_geo_official/gomaa_geo/checkpoint/formal_ppo_seed42_t480k/formal_ppo.pt,/root/src/compare_baselines_bundle_20260505_v2/compare_baselines_bundle/gomaa_geo_official/gomaa_geo/checkpoint/formal_pretrain_seed42_e50/formal_falcon.ckpt
comparison,comparison__gomaa__swissviewmonuments_aerial,GOMAA-Geo,gomaa,gomaa,,,,,,,swissviewmonuments_aerial,Table 4 Goal=I,swissviewmonuments,aerial,monuments,1,375,1125,0.2817777777777778,0.2562663754624147,0.30877445931901093,3.184888888888889,2.4574132492113563,0.5741324921135647,375,130,0.3466666666666667,0.30027257056463047,0.3961704810960109,3.2506666666666666,375,94,0.25066666666666665,0.2094789823233229,0.2969110234205024,3.3866666666666667,375,93,0.248,0.20699310740953475,0.29411764705882354,2.917333333333333,/root/geoexplorer/analysis/short_distance_c123_eval_20260609_161734/eval_json/comparison/gomaa/swissviewmonuments_aerial.json,/root/src/compare_baselines_bundle_20260505_v2/compare_baselines_bundle/gomaa_geo_official/gomaa_geo/checkpoint/formal_ppo_seed42_t480k/formal_ppo.pt,/root/src/compare_baselines_bundle_20260505_v2/compare_baselines_bundle/gomaa_geo_official/gomaa_geo/checkpoint/formal_pretrain_seed42_e50/formal_falcon.ckpt
comparison,comparison__gomaa__swissviewmonuments_ground,GOMAA-Geo,gomaa,gomaa,,,,,,,swissviewmonuments_ground,Table 4 Goal=G,swissviewmonuments,ground,monuments,1,375,1125,0.26222222222222225,0.23735981087124025,0.28870301317776725,3.2791111111111113,2.335593220338983,0.488135593220339,375,125,0.3333333333333333,0.28752313032529303,0.38252366495801265,3.3546666666666667,375,90,0.24,0.19954871187729734,0.2857242887646596,3.477333333333333,375,80,0.21333333333333335,0.1748852899862243,0.25759519790106156,3.005333333333333,/root/geoexplorer/analysis/short_distance_c123_eval_20260609_161734/eval_json/comparison/gomaa/swissviewmonuments_ground.json,/root/src/compare_baselines_bundle_20260505_v2/compare_baselines_bundle/gomaa_geo_official/gomaa_geo/checkpoint/formal_ppo_seed42_t480k/formal_ppo.pt,/root/src/compare_baselines_bundle_20260505_v2/compare_baselines_bundle/gomaa_geo_official/gomaa_geo/checkpoint/formal_pretrain_seed42_e50/formal_falcon.ckpt
comparison,comparison__gomaa__swissview100_aerial,GOMAA-Geo,gomaa,gomaa,,,,,,,swissview100_aerial,Table S4,swissview,aerial,none,5,100,1500,0.24866666666666667,0.22745285854220032,0.27116454903583187,3.14,2.3270777479892764,0.48257372654155495,500,164,0.328,0.2882954889726376,0.3703273798019932,3.184,500,103,0.206,0.17285607517585092,0.24362720052032025,3.36,500,106,0.212,0.1784389298803022,0.24995285039349813,2.876,/root/geoexplorer/analysis/short_distance_c123_eval_20260609_161734/eval_json/comparison/gomaa/swissview100_aerial.json,/root/src/compare_baselines_bundle_20260505_v2/compare_baselines_bundle/gomaa_geo_official/gomaa_geo/checkpoint/formal_ppo_seed42_t480k/formal_ppo.pt,/root/src/compare_baselines_bundle_20260505_v2/compare_baselines_bundle/gomaa_geo_official/gomaa_geo/checkpoint/formal_pretrain_seed42_e50/formal_falcon.ckpt
comparison,comparison__gomaa__xbd_pre_aerial,GOMAA-Geo,gomaa,gomaa,,,,,,,xbd_pre_aerial,Table S3 xBD-pre,xbd,aerial,none,5,800,12000,0.27258333333333334,0.2646898378228064,0.2806223895561354,3.042333333333333,2.446958116783858,0.5460103943748089,4000,1321,0.33025,0.31584411302404003,0.3449816299324244,3.10625,4000,953,0.23825,0.2253028144152848,0.25169947258827685,3.1985,4000,997,0.24925,0.2360891057031623,0.2628920727730291,2.82225,/root/geoexplorer/analysis/short_distance_c123_eval_20260609_161734/eval_json/comparison/gomaa/xbd_pre_aerial.json,/root/src/compare_baselines_bundle_20260505_v2/compare_baselines_bundle/gomaa_geo_official/gomaa_geo/checkpoint/formal_ppo_seed42_t480k/formal_ppo.pt,/root/src/compare_baselines_bundle_20260505_v2/compare_baselines_bundle/gomaa_geo_official/gomaa_geo/checkpoint/formal_pretrain_seed42_e50/formal_falcon.ckpt
comparison,comparison__gomaa__xbd_disaster_aerial,GOMAA-Geo,gomaa,gomaa,,,,,,,xbd_disaster_aerial,Table 3 / Table S3 xBD-disaster,xbd-post,aerial,none,5,800,12000,0.2748333333333333,0.2669186960337048,0.2828920912062734,3.03925,2.5181928441479684,0.6033959975742874,4000,1309,0.32725,0.3128808331738751,0.3419506666536904,3.12475,4000,961,0.24025,0.22726307455376712,0.25373537453572725,3.218,4000,1028,0.257,0.2436955115824757,0.27077079497670475,2.775,/root/geoexplorer/analysis/short_distance_c123_eval_20260609_161734/eval_json/comparison/gomaa/xbd_disaster_aerial.json,/root/src/compare_baselines_bundle_20260505_v2/compare_baselines_bundle/gomaa_geo_official/gomaa_geo/checkpoint/formal_ppo_seed42_t480k/formal_ppo.pt,/root/src/compare_baselines_bundle_20260505_v2/compare_baselines_bundle/gomaa_geo_official/gomaa_geo/checkpoint/formal_pretrain_seed42_e50/formal_falcon.ckpt
comparison,comparison__dit__masa_aerial,DiT-AGL,dit,dit,,,,,,,masa_aerial,Table 1,masa,aerial,none,5,10,150,0.26666666666666666,0.20237055731073236,0.342615974290603,1.9066666666666667,3.625,1.95,50,19,0.38,0.2586259584257722,0.5184980497760643,1.62,50,15,0.3,0.1910338908960936,0.4375061227736339,1.76,50,6,0.12,0.05617523710624646,0.23805078886623582,2.34,/root/geoexplorer/analysis/short_distance_c123_eval_20260609_161734/eval_json/comparison/dit/masa_aerial.json,,/root/src/compare_baselines_bundle_20260505_v2/compare_baselines_bundle/dit_agl_baseline/dit_agl/checkpoint/formal_pretrain_seed42_e50/formal_falcon.ckpt
comparison,comparison__dit__mmgag_aerial,DiT-AGL,dit,dit,,,,,,,mmgag_aerial,Table 2 Goal=I,mmgag,aerial,none,5,47,705,0.24113475177304963,0.21101492342307288,0.2740604446140174,1.9971631205673759,3.011764705882353,1.2823529411764707,235,79,0.33617021276595743,0.2788360337877654,0.3987745667106402,1.676595744680851,235,58,0.24680851063829787,0.1960488063224332,0.30571303081146634,1.9319148936170212,235,33,0.14042553191489363,0.10176892191828438,0.190649149305489,2.382978723404255,/root/geoexplorer/analysis/short_distance_c123_eval_20260609_161734/eval_json/comparison/dit/mmgag_aerial.json,,/root/src/compare_baselines_bundle_20260505_v2/compare_baselines_bundle/dit_agl_baseline/dit_agl/checkpoint/formal_pretrain_seed42_e50/formal_falcon.ckpt
comparison,comparison__dit__xbd_pre_aerial,DiT-AGL,dit,dit,,,,,,,xbd_pre_aerial,Table S3 xBD-pre,xbd,aerial,none,5,800,12000,0.23741666666666666,0.22988830033691537,0.2451131025473079,1.9955833333333333,2.8315198315198313,1.1797121797121797,4000,1475,0.36875,0.3539307995275763,0.38382106358309215,1.5945,4000,891,0.22275,0.21012463773635925,0.23590739310122427,2.00025,4000,483,0.12075,0.1110143919086396,0.13121337254637777,2.392,/root/geoexplorer/analysis/short_distance_c123_eval_20260609_161734/eval_json/comparison/dit/xbd_pre_aerial.json,,/root/src/compare_baselines_bundle_20260505_v2/compare_baselines_bundle/dit_agl_baseline/dit_agl/checkpoint/formal_pretrain_seed42_e50/formal_falcon.ckpt
comparison,comparison__dit__xbd_disaster_aerial,DiT-AGL,dit,dit,,,,,,,xbd_disaster_aerial,Table 3 / Table S3 xBD-disaster,xbd-post,aerial,none,5,800,12000,0.24083333333333334,0.23326650541038357,0.24856604392948772,1.98625,2.8370242214532873,1.1833910034602075,4000,1495,0.37375,0.3588847698722928,0.3888574984532074,1.57925,4000,901,0.22525,0.21257103473598343,0.2384561987090159,1.9995,4000,494,0.1235,0.1136636023851213,0.1340588849380535,2.38,/root/geoexplorer/analysis/short_distance_c123_eval_20260609_161734/eval_json/comparison/dit/xbd_disaster_aerial.json,,/root/src/compare_baselines_bundle_20260505_v2/compare_baselines_bundle/dit_agl_baseline/dit_agl/checkpoint/formal_pretrain_seed42_e50/formal_falcon.ckpt
comparison,comparison__anchor0624__masa_aerial,GeoExplorer-anchor0624,anchor0624,geoexplorer,,,,,,,masa_aerial,Table 1,masa,aerial,none,5,10,150,0.24666666666666667,0.18458062005199127,0.3214047571151728,3.42,2.2432432432432434,0.21621621621621623,50,10,0.2,0.11243629945973886,0.3303737210448524,4.16,50,16,0.32,0.20758044093999403,0.45810557136276076,3.04,50,11,0.22,0.12753786224302288,0.35241815689459555,3.06,/root/geoexplorer/analysis/short_distance_c123_eval_20260609_161734/eval_json/comparison/anchor0624/masa_aerial.json,/root/geoexplorer/results/checkpoint/algo_ablation_anchor0624_20260515/masa_plus_mmgag_anchor0624_component_ablation_seed321_480k_gpu01/g1_p1_e1_v1_seed321_t480k/geoexplorer.pt,/root/geoexplorer/results/checkpoint/env_modeling_fullrerun_20260407_111046/state_action.ckpt
comparison,comparison__anchor0624__mmgag_aerial,GeoExplorer-anchor0624,anchor0624,geoexplorer,,,,,,,mmgag_aerial,Table 2 Goal=I,mmgag,aerial,none,5,47,705,0.26666666666666666,0.23535176254774046,0.3005106924774724,3.2836879432624113,2.484042553191489,0.5212765957446809,235,67,0.2851063829787234,0.23120200266951627,0.34592359019202884,3.74468085106383,235,61,0.25957446808510637,0.2077074846786052,0.3191756043645096,3.34468085106383,235,60,0.2553191489361702,0.20381445882296906,0.3146948795837406,2.7617021276595746,/root/geoexplorer/analysis/short_distance_c123_eval_20260609_161734/eval_json/comparison/anchor0624/mmgag_aerial.json,/root/geoexplorer/results/checkpoint/algo_ablation_anchor0624_20260515/masa_plus_mmgag_anchor0624_component_ablation_seed321_480k_gpu01/g1_p1_e1_v1_seed321_t480k/geoexplorer.pt,/root/geoexplorer/results/checkpoint/env_modeling_fullrerun_20260407_111046/state_action.ckpt
comparison,comparison__anchor0624__mmgag_ground,GeoExplorer-anchor0624,anchor0624,geoexplorer,,,,,,,mmgag_ground,Table 2 Goal=G,mmgag,ground,none,5,47,705,0.24680851063829787,0.2164105120984883,0.27995087526929585,3.4,2.396551724137931,0.42528735632183906,235,64,0.2723404255319149,0.2194260965948871,0.3325782443574429,3.8851063829787233,235,51,0.2170212765957447,0.1690960392457526,0.27404954343331167,3.5063829787234044,235,59,0.251063829787234,0.19992819562860054,0.3102073921417041,2.8085106382978724,/root/geoexplorer/analysis/short_distance_c123_eval_20260609_161734/eval_json/comparison/anchor0624/mmgag_ground.json,/root/geoexplorer/results/checkpoint/algo_ablation_anchor0624_20260515/masa_plus_mmgag_anchor0624_component_ablation_seed321_480k_gpu01/g1_p1_e1_v1_seed321_t480k/geoexplorer.pt,/root/geoexplorer/results/checkpoint/env_modeling_fullrerun_20260407_111046/state_action.ckpt
comparison,comparison__anchor0624__mmgag_text,GeoExplorer-anchor0624,anchor0624,geoexplorer,,,,,,,mmgag_text,Table 2 Goal=T,mmgag,text,none,5,47,705,0.25673758865248225,0.2258703366854372,0.2902415845110613,3.2666666666666666,2.3591160220994474,0.39779005524861877,235,65,0.2765957446808511,0.22334515334239424,0.33703293824634073,3.676595744680851,235,58,0.24680851063829787,0.1960488063224332,0.30571303081146634,3.3361702127659574,235,58,0.24680851063829787,0.1960488063224332,0.30571303081146634,2.7872340425531914,/root/geoexplorer/analysis/short_distance_c123_eval_20260609_161734/eval_json/comparison/anchor0624/mmgag_text.json,/root/geoexplorer/results/checkpoint/algo_ablation_anchor0624_20260515/masa_plus_mmgag_anchor0624_component_ablation_seed321_480k_gpu01/g1_p1_e1_v1_seed321_t480k/geoexplorer.pt,/root/geoexplorer/results/checkpoint/env_modeling_fullrerun_20260407_111046/state_action.ckpt
comparison,comparison__anchor0624__swissviewmonuments_aerial,GeoExplorer-anchor0624,anchor0624,geoexplorer,,,,,,,swissviewmonuments_aerial,Table 4 Goal=I,swissviewmonuments,aerial,monuments,1,375,1125,0.23733333333333334,0.2133920146599267,0.2630624320932759,3.578666666666667,2.6741573033707864,0.7490636704119851,375,106,0.2826666666666667,0.23947244164052103,0.33026857940890963,3.8106666666666666,375,75,0.2,0.16264760865000577,0.2434366228599446,3.8133333333333335,375,86,0.22933333333333333,0.18965464958597988,0.27450134595410863,3.112,/root/geoexplorer/analysis/short_distance_c123_eval_20260609_161734/eval_json/comparison/anchor0624/swissviewmonuments_aerial.json,/root/geoexplorer/results/checkpoint/algo_ablation_anchor0624_20260515/masa_plus_mmgag_anchor0624_component_ablation_seed321_480k_gpu01/g1_p1_e1_v1_seed321_t480k/geoexplorer.pt,/root/geoexplorer/results/checkpoint/env_modeling_fullrerun_20260407_111046/state_action.ckpt
comparison,comparison__anchor0624__swissviewmonuments_ground,GeoExplorer-anchor0624,anchor0624,geoexplorer,,,,,,,swissviewmonuments_ground,Table 4 Goal=G,swissviewmonuments,ground,monuments,1,375,1125,0.21955555555555556,0.19634300352405842,0.24467688801785503,3.6195555555555554,2.5020242914979756,0.5425101214574899,375,94,0.25066666666666665,0.2094789823233229,0.2969110234205024,3.912,375,69,0.184,0.14805355059063008,0.2263551732665176,3.8613333333333335,375,84,0.224,0.18472172887311403,0.2688757641160403,3.0853333333333333,/root/geoexplorer/analysis/short_distance_c123_eval_20260609_161734/eval_json/comparison/anchor0624/swissviewmonuments_ground.json,/root/geoexplorer/results/checkpoint/algo_ablation_anchor0624_20260515/masa_plus_mmgag_anchor0624_component_ablation_seed321_480k_gpu01/g1_p1_e1_v1_seed321_t480k/geoexplorer.pt,/root/geoexplorer/results/checkpoint/env_modeling_fullrerun_20260407_111046/state_action.ckpt
comparison,comparison__anchor0624__swissview100_aerial,GeoExplorer-anchor0624,anchor0624,geoexplorer,,,,,,,swissview100_aerial,Table S4,swissview,aerial,none,5,100,1500,0.2853333333333333,0.2630515758503463,0.3087118332746573,3.074666666666667,2.5934579439252334,0.6869158878504673,500,165,0.33,0.2902171971743252,0.372375173126182,3.29,500,138,0.276,0.23863748141495,0.3167783476868947,3.096,500,125,0.25,0.21404787416427032,0.28976443510118144,2.838,/root/geoexplorer/analysis/short_distance_c123_eval_20260609_161734/eval_json/comparison/anchor0624/swissview100_aerial.json,/root/geoexplorer/results/checkpoint/algo_ablation_anchor0624_20260515/masa_plus_mmgag_anchor0624_component_ablation_seed321_480k_gpu01/g1_p1_e1_v1_seed321_t480k/geoexplorer.pt,/root/geoexplorer/results/checkpoint/env_modeling_fullrerun_20260407_111046/state_action.ckpt
comparison,comparison__anchor0624__xbd_pre_aerial,GeoExplorer-anchor0624,anchor0624,geoexplorer,,,,,,,xbd_pre_aerial,Table S3 xBD-pre,xbd,aerial,none,5,800,12000,0.26216666666666666,0.2543744222369607,0.2701111391186639,3.2835833333333335,2.3264462809917354,0.44755244755244755,4000,1300,0.325,0.31065881528236794,0.33967700219852337,3.409,4000,927,0.23175,0.21893474997706042,0.24508001024722015,3.468,4000,919,0.22975,0.21697621456200072,0.24304238357634717,2.97375,/root/geoexplorer/analysis/short_distance_c123_eval_20260609_161734/eval_json/comparison/anchor0624/xbd_pre_aerial.json,/root/geoexplorer/results/checkpoint/algo_ablation_anchor0624_20260515/masa_plus_mmgag_anchor0624_component_ablation_seed321_480k_gpu01/g1_p1_e1_v1_seed321_t480k/geoexplorer.pt,/root/geoexplorer/results/checkpoint/env_modeling_fullrerun_20260407_111046/state_action.ckpt
comparison,comparison__anchor0624__xbd_disaster_aerial,GeoExplorer-anchor0624,anchor0624,geoexplorer,,,,,,,xbd_disaster_aerial,Table 3 / Table S3 xBD-disaster,xbd-post,aerial,none,5,800,12000,0.26066666666666666,0.25288946700658854,0.2685970544416785,3.3133333333333335,2.2634271099744248,0.3842710997442455,4000,1300,0.325,0.31065881528236794,0.33967700219852337,3.4315,4000,906,0.2265,0.2137944822958324,0.2397303524528749,3.489,4000,922,0.2305,0.21771061686077595,0.2438065420597967,3.0195,/root/geoexplorer/analysis/short_distance_c123_eval_20260609_161734/eval_json/comparison/anchor0624/xbd_disaster_aerial.json,/root/geoexplorer/results/checkpoint/algo_ablation_anchor0624_20260515/masa_plus_mmgag_anchor0624_component_ablation_seed321_480k_gpu01/g1_p1_e1_v1_seed321_t480k/geoexplorer.pt,/root/geoexplorer/results/checkpoint/env_modeling_fullrerun_20260407_111046/state_action.ckpt
comparison,comparison__pristine__masa_aerial,GeoExplorer-pristine,pristine,geoexplorer,,,,,,,masa_aerial,Table 1,masa,aerial,none,5,10,150,0.22666666666666666,0.16698083464973731,0.30000338808325555,3.2933333333333334,2.8823529411764706,0.7647058823529411,50,10,0.2,0.11243629945973886,0.3303737210448524,3.76,50,10,0.2,0.11243629945973886,0.3303737210448524,3.4,50,14,0.28,0.17474014357680362,0.4166538714598967,2.72,/root/geoexplorer/analysis/short_distance_c123_eval_20260609_161734/eval_json/comparison/pristine/masa_aerial.json,/root/geoexplorer/results/checkpoint/algo_dualseed480k_20260427/masa_plus_mmgag_arena_pristine_a040_a0405_sine0405_dualseed480k/wave2_seed321_4gpu/pristine_seed321_t480k/geoexplorer.pt,/root/geoexplorer/results/checkpoint/env_modeling_fullrerun_20260407_111046/state_action.ckpt
comparison,comparison__pristine__mmgag_aerial,GeoExplorer-pristine,pristine,geoexplorer,,,,,,,mmgag_aerial,Table 2 Goal=I,mmgag,aerial,none,5,47,705,0.29645390070921984,0.2639182678455232,0.33119578866583266,2.895035460992908,2.5598086124401913,0.6507177033492823,235,81,0.3446808510638298,0.28685245817758087,0.40750564359363484,2.9872340425531916,235,66,0.28085106382978725,0.22727048397395758,0.34148135825118253,2.970212765957447,235,62,0.26382978723404255,0.21160716677841765,0.32364967290110225,2.727659574468085,/root/geoexplorer/analysis/short_distance_c123_eval_20260609_161734/eval_json/comparison/pristine/mmgag_aerial.json,/root/geoexplorer/results/checkpoint/algo_dualseed480k_20260427/masa_plus_mmgag_arena_pristine_a040_a0405_sine0405_dualseed480k/wave2_seed321_4gpu/pristine_seed321_t480k/geoexplorer.pt,/root/geoexplorer/results/checkpoint/env_modeling_fullrerun_20260407_111046/state_action.ckpt
comparison,comparison__pristine__mmgag_ground,GeoExplorer-pristine,pristine,geoexplorer,,,,,,,mmgag_ground,Table 2 Goal=G,mmgag,ground,none,5,47,705,0.2851063829787234,0.2530148472075561,0.31952717064241204,2.9049645390070924,2.6865671641791047,0.736318407960199,235,77,0.3276595744680851,0.2708409838678668,0.3900221153577287,3.1319148936170214,235,57,0.2425531914893617,0.1921764072130071,0.3012116792844874,3.148936170212766,235,67,0.2851063829787234,0.23120200266951627,0.34592359019202884,2.4340425531914893,/root/geoexplorer/analysis/short_distance_c123_eval_20260609_161734/eval_json/comparison/pristine/mmgag_ground.json,/root/geoexplorer/results/checkpoint/algo_dualseed480k_20260427/masa_plus_mmgag_arena_pristine_a040_a0405_sine0405_dualseed480k/wave2_seed321_4gpu/pristine_seed321_t480k/geoexplorer.pt,/root/geoexplorer/results/checkpoint/env_modeling_fullrerun_20260407_111046/state_action.ckpt
comparison,comparison__pristine__mmgag_text,GeoExplorer-pristine,pristine,geoexplorer,,,,,,,mmgag_text,Table 2 Goal=T,mmgag,text,none,5,47,705,0.2865248226950355,0.2543763947312032,0.32098712795143847,2.824113475177305,2.757425742574257,0.8514851485148515,235,80,0.3404255319148936,0.2828415985159164,0.4031427526188943,2.8893617021276596,235,61,0.25957446808510637,0.2077074846786052,0.3191756043645096,2.9361702127659575,235,61,0.25957446808510637,0.2077074846786052,0.3191756043645096,2.646808510638298,/root/geoexplorer/analysis/short_distance_c123_eval_20260609_161734/eval_json/comparison/pristine/mmgag_text.json,/root/geoexplorer/results/checkpoint/algo_dualseed480k_20260427/masa_plus_mmgag_arena_pristine_a040_a0405_sine0405_dualseed480k/wave2_seed321_4gpu/pristine_seed321_t480k/geoexplorer.pt,/root/geoexplorer/results/checkpoint/env_modeling_fullrerun_20260407_111046/state_action.ckpt
comparison,comparison__pristine__swissviewmonuments_aerial,GeoExplorer-pristine,pristine,geoexplorer,,,,,,,swissviewmonuments_aerial,Table 4 Goal=I,swissviewmonuments,aerial,monuments,1,375,1125,0.2951111111111111,0.26919243858290737,0.32242431260698506,2.9164444444444446,2.8825301204819276,0.9337349397590361,375,119,0.31733333333333336,0.2722796512851174,0.3660916363453857,3.082666666666667,375,111,0.296,0.2520537125363733,0.3440835648903928,2.976,375,102,0.272,0.2294421514403796,0.31918186450718267,2.6906666666666665,/root/geoexplorer/analysis/short_distance_c123_eval_20260609_161734/eval_json/comparison/pristine/swissviewmonuments_aerial.json,/root/geoexplorer/results/checkpoint/algo_dualseed480k_20260427/masa_plus_mmgag_arena_pristine_a040_a0405_sine0405_dualseed480k/wave2_seed321_4gpu/pristine_seed321_t480k/geoexplorer.pt,/root/geoexplorer/results/checkpoint/env_modeling_fullrerun_20260407_111046/state_action.ckpt
comparison,comparison__pristine__swissviewmonuments_ground,GeoExplorer-pristine,pristine,geoexplorer,,,,,,,swissviewmonuments_ground,Table 4 Goal=G,swissviewmonuments,ground,monuments,1,375,1125,0.296,0.27005515566730776,0.3233333232831491,3.0,2.6636636636636637,0.6966966966966966,375,125,0.3333333333333333,0.28752313032529303,0.38252366495801265,3.12,375,94,0.25066666666666665,0.2094789823233229,0.2969110234205024,3.2053333333333334,375,114,0.304,0.25962488392782446,0.3523501473253431,2.6746666666666665,/root/geoexplorer/analysis/short_distance_c123_eval_20260609_161734/eval_json/comparison/pristine/swissviewmonuments_ground.json,/root/geoexplorer/results/checkpoint/algo_dualseed480k_20260427/masa_plus_mmgag_arena_pristine_a040_a0405_sine0405_dualseed480k/wave2_seed321_4gpu/pristine_seed321_t480k/geoexplorer.pt,/root/geoexplorer/results/checkpoint/env_modeling_fullrerun_20260407_111046/state_action.ckpt
comparison,comparison__pristine__swissview100_aerial,GeoExplorer-pristine,pristine,geoexplorer,,,,,,,swissview100_aerial,Table S4,swissview,aerial,none,5,100,1500,0.3313333333333333,0.3079704054752907,0.3555579874086407,2.3853333333333335,3.078470824949698,1.1066398390342052,500,179,0.358,0.3172068787655445,0.400958512897232,2.554,500,153,0.306,0.26721278242267577,0.3477455695673147,2.472,500,165,0.33,0.2902171971743252,0.372375173126182,2.13,/root/geoexplorer/analysis/short_distance_c123_eval_20260609_161734/eval_json/comparison/pristine/swissview100_aerial.json,/root/geoexplorer/results/checkpoint/algo_dualseed480k_20260427/masa_plus_mmgag_arena_pristine_a040_a0405_sine0405_dualseed480k/wave2_seed321_4gpu/pristine_seed321_t480k/geoexplorer.pt,/root/geoexplorer/results/checkpoint/env_modeling_fullrerun_20260407_111046/state_action.ckpt
comparison,comparison__pristine__xbd_pre_aerial,GeoExplorer-pristine,pristine,geoexplorer,,,,,,,xbd_pre_aerial,Table S3 xBD-pre,xbd,aerial,none,5,800,12000,0.28525,0.27724076900618694,0.29339668425710835,2.8371666666666666,2.7397020157756353,0.8296815658778849,4000,1349,0.33725,0.3227610273910256,0.3520512828662033,2.90275,4000,1033,0.25825,0.24492287693823497,0.2720410309246534,2.989,4000,1041,0.26025,0.2468869609959969,0.2740731089528241,2.61975,/root/geoexplorer/analysis/short_distance_c123_eval_20260609_161734/eval_json/comparison/pristine/xbd_pre_aerial.json,/root/geoexplorer/results/checkpoint/algo_dualseed480k_20260427/masa_plus_mmgag_arena_pristine_a040_a0405_sine0405_dualseed480k/wave2_seed321_4gpu/pristine_seed321_t480k/geoexplorer.pt,/root/geoexplorer/results/checkpoint/env_modeling_fullrerun_20260407_111046/state_action.ckpt
comparison,comparison__pristine__xbd_disaster_aerial,GeoExplorer-pristine,pristine,geoexplorer,,,,,,,xbd_disaster_aerial,Table 3 / Table S3 xBD-disaster,xbd-post,aerial,none,5,800,12000,0.2801666666666667,0.27220292806276636,0.2882711121811502,2.8966666666666665,2.6317668054729326,0.7412254610350981,4000,1373,0.34325,0.3286926682498361,0.3581081282651908,2.92275,4000,984,0.246,0.2329010201609376,0.2595863949256132,3.0585,4000,1005,0.25125,0.23805150687887847,0.26492583368324557,2.70875,/root/geoexplorer/analysis/short_distance_c123_eval_20260609_161734/eval_json/comparison/pristine/xbd_disaster_aerial.json,/root/geoexplorer/results/checkpoint/algo_dualseed480k_20260427/masa_plus_mmgag_arena_pristine_a040_a0405_sine0405_dualseed480k/wave2_seed321_4gpu/pristine_seed321_t480k/geoexplorer.pt,/root/geoexplorer/results/checkpoint/env_modeling_fullrerun_20260407_111046/state_action.ckpt
