run_progress,metric,value_mean,value_std,n
0.007142857142857143,reward_ex_mean,-0.7724856553615657,0.013617648039677,3
0.014285714285714285,reward_ex_mean,-0.7663806905655614,0.010355797361208965,3
0.02142857142857143,reward_ex_mean,-0.7630354725051559,0.01007058471691086,3
0.02857142857142857,reward_ex_mean,-0.7536372574375428,0.01009834767400059,3
0.03571428571428571,reward_ex_mean,-0.7397360713141093,0.009283558438620743,3
0.04285714285714286,reward_ex_mean,-0.725238310880335,0.007169617508692744,3
0.049999999999999996,reward_ex_mean,-0.7128527776487324,0.00415842477731056,3
0.05714285714285714,reward_ex_mean,-0.7010235940855033,0.0032070841097131134,3
0.06428571428571428,reward_ex_mean,-0.6868920414353031,0.006203373838995101,3
0.07142857142857142,reward_ex_mean,-0.672533935517356,0.005973761249484371,3
0.07857142857142857,reward_ex_mean,-0.6600132948224549,0.010103669193702496,3
0.08571428571428572,reward_ex_mean,-0.6523989269593008,0.011958907833752572,3
0.09285714285714286,reward_ex_mean,-0.6455311343310774,0.01525790201473827,3
0.09999999999999999,reward_ex_mean,-0.6363538949230749,0.01441124166664252,3
0.10714285714285714,reward_ex_mean,-0.6270169815372729,0.01712719100066075,3
0.11428571428571428,reward_ex_mean,-0.6177247328181155,0.020437433677625322,3
0.12142857142857143,reward_ex_mean,-0.6113867259925131,0.02302729608059651,3
0.12857142857142856,reward_ex_mean,-0.6034878924479791,0.02834369043137393,3
0.1357142857142857,reward_ex_mean,-0.5927129720975484,0.03109334540422735,3
0.14285714285714285,reward_ex_mean,-0.582573498918553,0.03753801245385038,3
0.15,reward_ex_mean,-0.5710430314325349,0.03725429373433201,3
0.15714285714285714,reward_ex_mean,-0.5622803872011736,0.038379763216077674,3
0.16428571428571428,reward_ex_mean,-0.5538437132426774,0.036515498131968534,3
0.17142857142857143,reward_ex_mean,-0.5456308356753393,0.03753351943004835,3
0.17857142857142858,reward_ex_mean,-0.5369375343246636,0.03397151435122496,3
0.18571428571428572,reward_ex_mean,-0.530627544332362,0.029350848827166705,3
0.19285714285714284,reward_ex_mean,-0.5256610256673958,0.027141946730709132,3
0.19999999999999998,reward_ex_mean,-0.5187888367396684,0.02447126072953469,3
0.20714285714285713,reward_ex_mean,-0.512232090830401,0.024997868783328832,3
0.21428571428571427,reward_ex_mean,-0.5043631348782301,0.02525641564937225,3
0.22142857142857142,reward_ex_mean,-0.4970401998381733,0.023695378919799327,3
0.22857142857142856,reward_ex_mean,-0.49016938948513217,0.02247943390518465,3
0.2357142857142857,reward_ex_mean,-0.48179705644510634,0.022028940231315783,3
0.24285714285714285,reward_ex_mean,-0.47448509609288414,0.024184591393645774,3
0.25,reward_ex_mean,-0.46883114988078667,0.02729205110204443,3
0.2571428571428571,reward_ex_mean,-0.4659541989112075,0.026445883810730694,3
0.2642857142857143,reward_ex_mean,-0.4626520234713785,0.0254133191402609,3
0.2714285714285714,reward_ex_mean,-0.4602679965764575,0.02271763684995267,3
0.2785714285714286,reward_ex_mean,-0.4596859233228041,0.022485546311375768,3
0.2857142857142857,reward_ex_mean,-0.4604469555833713,0.023481758874636594,3
0.29285714285714287,reward_ex_mean,-0.4615252082406438,0.02073004752288582,3
0.3,reward_ex_mean,-0.4600795556183388,0.017149883549149134,3
0.3071428571428571,reward_ex_mean,-0.4557880125784717,0.011281540196319965,3
0.3142857142857143,reward_ex_mean,-0.4538249428745991,0.010285178138550803,3
0.3214285714285714,reward_ex_mean,-0.4509942691173354,0.01371993501039227,3
0.32857142857142857,reward_ex_mean,-0.44550401524348143,0.020431477634056033,3
0.3357142857142857,reward_ex_mean,-0.4425160374299084,0.01754289679439949,3
0.34285714285714286,reward_ex_mean,-0.43519436709899323,0.017924275346318866,3
0.35,reward_ex_mean,-0.4330682738229347,0.017246637164464017,3
0.35714285714285715,reward_ex_mean,-0.4309465835552287,0.0143675777970742,3
0.36428571428571427,reward_ex_mean,-0.42952699464861227,0.014657615527695804,3
0.37142857142857144,reward_ex_mean,-0.42469833303264,0.007388989209210917,3
0.37857142857142856,reward_ex_mean,-0.42273393423255873,0.0058069670332454035,3
0.3857142857142857,reward_ex_mean,-0.42107358001641587,0.003861728385946071,3
0.39285714285714285,reward_ex_mean,-0.4142516337618522,0.00067513057528811,3
0.39999999999999997,reward_ex_mean,-0.41404371641452525,0.0013547184551075944,3
0.40714285714285714,reward_ex_mean,-0.4136748803266192,0.0031363145712449475,3
0.41428571428571426,reward_ex_mean,-0.40946403682863036,0.004254908451717302,3
0.42142857142857143,reward_ex_mean,-0.40795230641639724,0.006507448790296295,3
0.42857142857142855,reward_ex_mean,-0.4079065020918758,0.005844131969642091,3
0.4357142857142857,reward_ex_mean,-0.4053781904538722,0.00317889266051652,3
0.44285714285714284,reward_ex_mean,-0.4028205444162411,0.0002548432580104871,3
0.45,reward_ex_mean,-0.40119225282475335,0.0016473366066799744,3
0.45714285714285713,reward_ex_mean,-0.3981498440314161,0.004967194271291815,3
0.46428571428571425,reward_ex_mean,-0.39000171489718394,0.0029895207983159674,3
0.4714285714285714,reward_ex_mean,-0.3892810845836408,0.0036530230599522715,3
0.47857142857142854,reward_ex_mean,-0.3866929039744251,0.007526504420577295,3
0.4857142857142857,reward_ex_mean,-0.38525684941361654,0.005324630100758673,3
0.4928571428571428,reward_ex_mean,-0.38663791548142307,0.008592596954527479,3
0.5,reward_ex_mean,-0.38638434239409053,0.007108318935076481,3
0.5071428571428571,reward_ex_mean,-0.3843725331804912,0.00986058060522897,3
0.5142857142857142,reward_ex_mean,-0.38493921068103343,0.007061590175712408,3
0.5214285714285715,reward_ex_mean,-0.386156881167832,0.0024814496949296526,3
0.5285714285714286,reward_ex_mean,-0.38533729405856104,0.004732140540826199,3
0.5357142857142857,reward_ex_mean,-0.3841429010196176,0.007825368556495987,3
0.5428571428571428,reward_ex_mean,-0.3833185243779365,0.008708847072672587,3
0.5499999999999999,reward_ex_mean,-0.38197950756434657,0.01364386791997497,3
0.5571428571428572,reward_ex_mean,-0.38322596615683274,0.014082728375881062,3
0.5642857142857143,reward_ex_mean,-0.38473018064885767,0.013786547129042478,3
0.5714285714285714,reward_ex_mean,-0.38498035410726184,0.014574057662525473,3
0.5785714285714285,reward_ex_mean,-0.3828794433232712,0.01000007542107901,3
0.5857142857142857,reward_ex_mean,-0.383555513146435,0.004288043955135472,3
0.5928571428571429,reward_ex_mean,-0.38073379820496184,0.006387101191234894,3
0.6,reward_ex_mean,-0.38109889127724833,0.010479744915201025,3
0.6071428571428571,reward_ex_mean,-0.3795166873715255,0.008410386814508132,3
0.6142857142857142,reward_ex_mean,-0.3761469962063923,0.007147766988570797,3
0.6214285714285714,reward_ex_mean,-0.3748277404821714,0.0059852477778539635,3
0.6285714285714286,reward_ex_mean,-0.3744788317746442,0.006512145022357581,3
0.6357142857142857,reward_ex_mean,-0.3717582527030519,0.007687857213446054,3
0.6428571428571428,reward_ex_mean,-0.3724262174130748,0.01675668585111432,3
0.65,reward_ex_mean,-0.37192271593802584,0.015602506308522295,3
0.6571428571428571,reward_ex_mean,-0.37016441616393475,0.013988620788770103,3
0.6642857142857143,reward_ex_mean,-0.3693573884205917,0.01506268519555789,3
0.6714285714285714,reward_ex_mean,-0.3696670646408271,0.016336384534875664,3
0.6785714285714286,reward_ex_mean,-0.36974352556420587,0.019927441536176,3
0.6857142857142857,reward_ex_mean,-0.3665589864321553,0.021284413374900307,3
0.6928571428571428,reward_ex_mean,-0.368420204872898,0.016338878242455838,3
0.7,reward_ex_mean,-0.3685700980456343,0.012319161447497175,3
0.7071428571428571,reward_ex_mean,-0.36611875562648355,0.013097116361023675,3
0.7142857142857143,reward_ex_mean,-0.3670301455704492,0.010732919044889004,3
0.7214285714285714,reward_ex_mean,-0.36926611502221335,0.015607160026360192,3
0.7285714285714285,reward_ex_mean,-0.37012560758861407,0.013999491474553354,3
0.7357142857142857,reward_ex_mean,-0.3712033962013301,0.01210974735728074,3
0.7428571428571429,reward_ex_mean,-0.3708928001834228,0.01107477917149051,3
0.75,reward_ex_mean,-0.3696704969211586,0.012425655606470404,3
0.7571428571428571,reward_ex_mean,-0.3685491881970991,0.015608547299087944,3
0.7642857142857142,reward_ex_mean,-0.3669705976771278,0.01432408963416418,3
0.7714285714285714,reward_ex_mean,-0.36263002640945374,0.01579690538595832,3
0.7785714285714286,reward_ex_mean,-0.3578009357941761,0.013968798350506883,3
0.7857142857142857,reward_ex_mean,-0.3532528446662638,0.014891682039181857,3
0.7928571428571428,reward_ex_mean,-0.3508864594680848,0.02077349134897306,3
0.7999999999999999,reward_ex_mean,-0.34932549716005573,0.017435689717575743,3
0.8071428571428572,reward_ex_mean,-0.34988653890536064,0.017678024753516354,3
0.8142857142857143,reward_ex_mean,-0.34728082433319,0.02003443444889344,3
0.8214285714285714,reward_ex_mean,-0.35176186992306785,0.018437635423204052,3
0.8285714285714285,reward_ex_mean,-0.3529608082355109,0.01684273126116648,3
0.8357142857142857,reward_ex_mean,-0.3514894340336583,0.01864926129109068,3
0.8428571428571429,reward_ex_mean,-0.3515487495993878,0.012192621305900367,3
0.85,reward_ex_mean,-0.3497093917204503,0.012409007466791725,3
0.8571428571428571,reward_ex_mean,-0.3486723403776711,0.016888159209375548,3
0.8642857142857142,reward_ex_mean,-0.34674249454497863,0.012626109030980508,3
0.8714285714285714,reward_ex_mean,-0.34703781530081423,0.012197196962478138,3
0.8785714285714286,reward_ex_mean,-0.34341193681102133,0.009139984717463778,3
0.8857142857142857,reward_ex_mean,-0.34106946643845265,0.010721254580462795,3
0.8928571428571428,reward_ex_mean,-0.33955180555744396,0.009500991257796122,3
0.9,reward_ex_mean,-0.3374639948109193,0.012052954861848222,3
0.9071428571428571,reward_ex_mean,-0.3374071130460001,0.010710235923551501,3
0.9142857142857143,reward_ex_mean,-0.3382004418599147,0.010095420472724907,3
0.9214285714285714,reward_ex_mean,-0.3373845851529846,0.014191462682825232,3
0.9285714285714285,reward_ex_mean,-0.3385788661395836,0.012561986407277896,3
0.9357142857142857,reward_ex_mean,-0.33959603672118677,0.012274811041361746,3
0.9428571428571428,reward_ex_mean,-0.3422472539112269,0.010046000920295292,3
0.95,reward_ex_mean,-0.3408815997924845,0.012015311800447034,3
0.9571428571428571,reward_ex_mean,-0.34358526487090746,0.010336496389430206,3
0.9642857142857143,reward_ex_mean,-0.3428264651992934,0.011291535710341485,3
0.9714285714285714,reward_ex_mean,-0.3429679685288953,0.009068578269643836,3
0.9785714285714285,reward_ex_mean,-0.34097974685058347,0.009501690072214184,3
0.9857142857142857,reward_ex_mean,-0.3385763863973233,0.011512948815286788,3
0.9928571428571428,reward_ex_mean,-0.33856886986085605,0.012938315693582171,3
1.0,reward_ex_mean,-0.33834738110103973,0.01871372194182686,3
0.007142857142857143,reward_in_gated_mean,0.4435981304246166,0.0032675029008513118,3
0.014285714285714285,reward_in_gated_mean,0.44238114910533693,0.0031228821049871587,3
0.02142857142857143,reward_in_gated_mean,0.44165937948269646,0.0023234421842795237,3
0.02857142857142857,reward_in_gated_mean,0.440872391159669,0.0021532981872599845,3
0.03571428571428571,reward_in_gated_mean,0.4387339445088891,0.0013893002343038172,3
0.04285714285714286,reward_in_gated_mean,0.4363283356955611,0.0015806004077372614,3
0.049999999999999996,reward_in_gated_mean,0.43460224442190026,0.0010534531105250702,3
0.05714285714285714,reward_in_gated_mean,0.43207821398674034,0.0008320938565051778,3
0.06428571428571428,reward_in_gated_mean,0.4297230226877729,0.0012873396586103305,3
0.07142857142857142,reward_in_gated_mean,0.4283960668514533,0.0013675549200857745,3
0.07857142857142857,reward_in_gated_mean,0.42688254254858027,0.0015780215227067702,3
0.08571428571428572,reward_in_gated_mean,0.42592237143259454,0.0017528878023856578,3
0.09285714285714286,reward_in_gated_mean,0.4251841801930441,0.0009083625844755565,3
0.09999999999999999,reward_in_gated_mean,0.4242222472335293,0.0011210106972646234,3
0.10714285714285714,reward_in_gated_mean,0.4232808439455245,0.00204678383705443,3
0.11428571428571428,reward_in_gated_mean,0.4231385478150278,0.003072577177782842,3
0.12142857142857143,reward_in_gated_mean,0.42276522676133355,0.0027446000257363924,3
0.12857142857142856,reward_in_gated_mean,0.42182015356338226,0.002883012976122014,3
0.1357142857142857,reward_in_gated_mean,0.4214219224866218,0.003282588746499578,3
0.14285714285714285,reward_in_gated_mean,0.4198759105262971,0.004818624793121784,3
0.15,reward_in_gated_mean,0.4186576580524924,0.0051668904963469205,3
0.15714285714285714,reward_in_gated_mean,0.4172924137432785,0.005048351571467131,3
0.16428571428571428,reward_in_gated_mean,0.4162472804057498,0.004143295172124494,3
0.17142857142857143,reward_in_gated_mean,0.4152526844964668,0.004469967109394542,3
0.17857142857142858,reward_in_gated_mean,0.4143542160787071,0.004318725892947425,3
0.18571428571428572,reward_in_gated_mean,0.4135386260374842,0.0037135371998016985,3
0.19285714285714284,reward_in_gated_mean,0.4122833083067694,0.002671600865743521,3
0.19999999999999998,reward_in_gated_mean,0.4115694510642647,0.002125601061869498,3
0.20714285714285713,reward_in_gated_mean,0.41182021665950835,0.0010757365531771806,3
0.21428571428571427,reward_in_gated_mean,0.4113716889961196,0.0015124284734988826,3
0.22142857142857142,reward_in_gated_mean,0.4112064271284494,0.001277858078584289,3
0.22857142857142856,reward_in_gated_mean,0.4107964276039488,0.0007826651670532055,3
0.2357142857142857,reward_in_gated_mean,0.4101805833372938,0.0006071633784175598,3
0.24285714285714285,reward_in_gated_mean,0.40950330921709505,0.000526233899918047,3
0.25,reward_in_gated_mean,0.40899221772368805,0.0009609403637811896,3
0.2571428571428571,reward_in_gated_mean,0.4087051874176007,0.000735522979789787,3
0.2642857142857143,reward_in_gated_mean,0.4082256104266291,0.001021786771267232,3
0.2714285714285714,reward_in_gated_mean,0.40857495714246506,0.00033721727553166823,3
0.2785714285714286,reward_in_gated_mean,0.4087157843958844,0.00017364691463878044,3
0.2857142857142857,reward_in_gated_mean,0.40876563710559316,0.0005421289286298572,3
0.29285714285714287,reward_in_gated_mean,0.4095838797751899,0.000488989148091907,3
0.3,reward_in_gated_mean,0.41013886748923517,0.0006888004628777345,3
0.3071428571428571,reward_in_gated_mean,0.41037351406900086,0.0011816819161118272,3
0.3142857142857143,reward_in_gated_mean,0.4100701120777083,0.0012050554777460075,3
0.3214285714285714,reward_in_gated_mean,0.4098093929162672,0.0014297209552697624,3
0.32857142857142857,reward_in_gated_mean,0.40873223364859673,0.0007468095201995976,3
0.3357142857142857,reward_in_gated_mean,0.4084472115201389,0.0003842941774580194,3
0.34285714285714286,reward_in_gated_mean,0.40790882031276565,0.0012485190948981779,3
0.35,reward_in_gated_mean,0.407653831183973,0.0009174686643236126,3
0.35714285714285715,reward_in_gated_mean,0.40744407026605156,0.0011342336601309073,3
0.36428571428571427,reward_in_gated_mean,0.4077427229038156,0.0007191438875818379,3
0.37142857142857144,reward_in_gated_mean,0.4073208661253736,0.0011797507643159762,3
0.37857142857142856,reward_in_gated_mean,0.4075330623144396,0.001531997294080694,3
0.3857142857142857,reward_in_gated_mean,0.4084201888639807,0.0019505748527269295,3
0.39285714285714285,reward_in_gated_mean,0.4080752573420077,0.0018864845742195655,3
0.39999999999999997,reward_in_gated_mean,0.4085981333306457,0.001447544953552577,3
0.40714285714285714,reward_in_gated_mean,0.4082680006417891,0.0014479516039718227,3
0.41428571428571426,reward_in_gated_mean,0.4081535065389292,0.0020404318833217422,3
0.42142857142857143,reward_in_gated_mean,0.40815588595226426,0.0023692633722625636,3
0.42857142857142855,reward_in_gated_mean,0.40803299631389267,0.0028994733585974565,3
0.4357142857142857,reward_in_gated_mean,0.4079979511374497,0.00198159514579723,3
0.44285714285714284,reward_in_gated_mean,0.4071436183803711,0.002212590600976041,3
0.45,reward_in_gated_mean,0.40723020493061907,0.002127846791912547,3
0.45714285714285713,reward_in_gated_mean,0.4066646439107641,0.0021428598512648806,3
0.46428571428571425,reward_in_gated_mean,0.4062874091684557,0.0018183316054666105,3
0.4714285714285714,reward_in_gated_mean,0.4059877823378448,0.001647872670286282,3
0.47857142857142854,reward_in_gated_mean,0.4059497094837083,0.0016109840737173109,3
0.4857142857142857,reward_in_gated_mean,0.40606279404427914,0.002284772565435743,3
0.4928571428571428,reward_in_gated_mean,0.4053191104290179,0.0023431018543050544,3
0.5,reward_in_gated_mean,0.40552195127442076,0.0023733796998717106,3
0.5071428571428571,reward_in_gated_mean,0.4044180329256952,0.002305094919610455,3
0.5142857142857142,reward_in_gated_mean,0.4042550280044681,0.001387899269350714,3
0.5214285714285715,reward_in_gated_mean,0.40422093440926826,0.001309066338774921,3
0.5285714285714286,reward_in_gated_mean,0.4048349634968243,0.0019122173671971144,3
0.5357142857142857,reward_in_gated_mean,0.40448659566239176,0.0020211453115078176,3
0.5428571428571428,reward_in_gated_mean,0.4048903682879967,0.0021300166551628218,3
0.5499999999999999,reward_in_gated_mean,0.4052592472938861,0.0024420272737269194,3
0.5571428571428572,reward_in_gated_mean,0.4060691420507799,0.0027169988954114737,3
0.5642857142857143,reward_in_gated_mean,0.4072921868125398,0.003225662715455163,3
0.5714285714285714,reward_in_gated_mean,0.4070425579767291,0.003599309579626537,3
0.5785714285714285,reward_in_gated_mean,0.40697067643163987,0.0033627399877544134,3
0.5857142857142857,reward_in_gated_mean,0.40691787562826254,0.0018828666401813424,3
0.5928571428571429,reward_in_gated_mean,0.40687032588864075,0.002040876372050339,3
0.6,reward_in_gated_mean,0.40670214243749275,0.001961444723874181,3
0.6071428571428571,reward_in_gated_mean,0.4065613303487227,0.002200948382544732,3
0.6142857142857142,reward_in_gated_mean,0.4055680459479362,0.001957591931167057,3
0.6214285714285714,reward_in_gated_mean,0.40527629127353454,0.00135374911481054,3
0.6285714285714286,reward_in_gated_mean,0.405550963451931,0.0012349229642097921,3
0.6357142857142857,reward_in_gated_mean,0.4057494999906232,0.0019540120050834035,3
0.6428571428571428,reward_in_gated_mean,0.40606033019846244,0.00301440980954496,3
0.65,reward_in_gated_mean,0.4061291711933408,0.003533269740882071,3
0.6571428571428571,reward_in_gated_mean,0.4058443091841677,0.0033014982257649587,3
0.6642857142857143,reward_in_gated_mean,0.4056101880891288,0.0028696753908249435,3
0.6714285714285714,reward_in_gated_mean,0.4065113751921332,0.002973435457250683,3
0.6785714285714286,reward_in_gated_mean,0.40602575716525796,0.0035818924177400215,3
0.6857142857142857,reward_in_gated_mean,0.40557796171022126,0.003485850133274805,3
0.6928571428571428,reward_in_gated_mean,0.40537505723041045,0.0024230274179913576,3
0.7,reward_in_gated_mean,0.4049994439685792,0.00216706586667093,3
0.7071428571428571,reward_in_gated_mean,0.40455284128948615,0.0022924495105505287,3
0.7142857142857143,reward_in_gated_mean,0.4051667976055782,0.002433180292366466,3
0.7214285714285714,reward_in_gated_mean,0.40534749578685997,0.0025319672142598967,3
0.7285714285714285,reward_in_gated_mean,0.4056913247572867,0.001891147984189513,3
0.7357142857142857,reward_in_gated_mean,0.4060850873121689,0.001539761137997622,3
0.7428571428571429,reward_in_gated_mean,0.40577536414113613,0.0016151538681295167,3
0.75,reward_in_gated_mean,0.405568604164086,0.0017100638432161462,3
0.7571428571428571,reward_in_gated_mean,0.40626221485852687,0.0018904362253326559,3
0.7642857142857142,reward_in_gated_mean,0.40593327495226333,0.0015896008711591301,3
0.7714285714285714,reward_in_gated_mean,0.4052939602945032,0.0019439574670495226,3
0.7785714285714286,reward_in_gated_mean,0.4041319821192286,0.002685431488145082,3
0.7857142857142857,reward_in_gated_mean,0.4039390684828099,0.0032078394332986666,3
0.7928571428571428,reward_in_gated_mean,0.4037581978655449,0.003175986257014476,3
0.7999999999999999,reward_in_gated_mean,0.4040484056332841,0.002394793118129528,3
0.8071428571428572,reward_in_gated_mean,0.4040525852754849,0.002145098076061389,3
0.8142857142857143,reward_in_gated_mean,0.40404692374368906,0.0021228351177697917,3
0.8214285714285714,reward_in_gated_mean,0.40477983900316333,0.0017380287186008851,3
0.8285714285714285,reward_in_gated_mean,0.4053881260141419,0.0016027189030859005,3
0.8357142857142857,reward_in_gated_mean,0.40543494026306054,0.0008704750795897941,3
0.8428571428571429,reward_in_gated_mean,0.40519372144207616,0.001096064394193101,3
0.85,reward_in_gated_mean,0.4052657308592063,0.0008683232763891156,3
0.8571428571428571,reward_in_gated_mean,0.40532078113735587,0.001500838994212787,3
0.8642857142857142,reward_in_gated_mean,0.40540640122444876,0.001437462741454929,3
0.8714285714285714,reward_in_gated_mean,0.4051138247387122,0.0016532823214950698,3
0.8785714285714286,reward_in_gated_mean,0.40454826432947466,0.0009766712602798397,3
0.8857142857142857,reward_in_gated_mean,0.4049518901194887,0.0010352832445851092,3
0.8928571428571428,reward_in_gated_mean,0.4048238536406192,0.0004393161880402213,3
0.9,reward_in_gated_mean,0.40454516808476715,0.000860349081990911,3
0.9071428571428571,reward_in_gated_mean,0.4045471334410697,0.0006110712049124827,3
0.9142857142857143,reward_in_gated_mean,0.404467803210365,0.0005140138708361103,3
0.9214285714285714,reward_in_gated_mean,0.40394694907220546,0.00018637907770955225,3
0.9285714285714285,reward_in_gated_mean,0.40385655033381745,0.00017691563109077953,3
0.9357142857142857,reward_in_gated_mean,0.40396091506530646,0.0004384431377010661,3
0.9428571428571428,reward_in_gated_mean,0.4036899865130111,0.0006897971462364416,3
0.95,reward_in_gated_mean,0.40350921809970924,0.0007698255468428941,3
0.9571428571428571,reward_in_gated_mean,0.4039528314952168,0.0011703096933702113,3
0.9642857142857143,reward_in_gated_mean,0.4036502419860068,0.001423075456749912,3
0.9714285714285714,reward_in_gated_mean,0.4038908421086118,0.0005693958022485317,3
0.9785714285714285,reward_in_gated_mean,0.40249217624968586,0.0007714369077030843,3
0.9857142857142857,reward_in_gated_mean,0.4022100887611231,0.0006926047093995647,3
0.9928571428571428,reward_in_gated_mean,0.4016717951546535,0.0014012572487366393,3
1.0,reward_in_gated_mean,0.4010234044849082,0.0014616149456982707,3
0.007142857142857143,pbrs_bonus_mean,0.006270576505200395,4.2104910470114214e-05,3
0.014285714285714285,pbrs_bonus_mean,0.006297194475349241,3.765438632720805e-05,3
0.02142857142857143,pbrs_bonus_mean,0.006288256164172502,1.0754442985122721e-05,3
0.02857142857142857,pbrs_bonus_mean,0.00629834459218908,2.8565310436190817e-05,3
0.03571428571428571,pbrs_bonus_mean,0.006359218583365121,6.396744448586023e-05,3
0.04285714285714286,pbrs_bonus_mean,0.006412602448397669,0.00011555874696476777,3
0.049999999999999996,pbrs_bonus_mean,0.006496059712368329,0.00010569837513774165,3
0.05714285714285714,pbrs_bonus_mean,0.006552835391239138,0.00013269180884200406,3
0.06428571428571428,pbrs_bonus_mean,0.006626882965264903,0.0001403519315839378,3
0.07142857142857142,pbrs_bonus_mean,0.006697661118650236,0.00017322412754163506,3
0.07857142857142857,pbrs_bonus_mean,0.006795308364547691,0.0001916157493582814,3
0.08571428571428572,pbrs_bonus_mean,0.0068539467529698936,0.00013875327098759313,3
0.09285714285714286,pbrs_bonus_mean,0.006897157716259979,0.0001147959618343373,3
0.09999999999999999,pbrs_bonus_mean,0.006945461117671878,8.46804213194423e-05,3
0.10714285714285714,pbrs_bonus_mean,0.006969936186343351,0.0001725062240923981,3
0.11428571428571428,pbrs_bonus_mean,0.007021683596614367,0.00021971414846223397,3
0.12142857142857143,pbrs_bonus_mean,0.007033024383767499,0.00025321360607849454,3
0.12857142857142856,pbrs_bonus_mean,0.007067060541437748,0.0002774114608349864,3
0.1357142857142857,pbrs_bonus_mean,0.007094845403487771,0.0002915163115885702,3
0.14285714285714285,pbrs_bonus_mean,0.007142575735308138,0.00038319765593541254,3
0.15,pbrs_bonus_mean,0.007207510685312979,0.00039447405535236773,3
0.15714285714285714,pbrs_bonus_mean,0.007243776613696572,0.00037572368430519926,3
0.16428571428571428,pbrs_bonus_mean,0.007299081261806073,0.0003138235513533528,3
0.17142857142857143,pbrs_bonus_mean,0.007358034401792643,0.00027841757642946594,3
0.17857142857142858,pbrs_bonus_mean,0.007400049238836283,0.0002802779209036336,3
0.18571428571428572,pbrs_bonus_mean,0.007451937860875558,0.00022843089686934865,3
0.19285714285714284,pbrs_bonus_mean,0.007512356665372452,0.000176345308558977,3
0.19999999999999998,pbrs_bonus_mean,0.007551108438763072,0.0001817014253468687,3
0.20714285714285713,pbrs_bonus_mean,0.007556336733189052,0.00017039017939512929,3
0.21428571428571427,pbrs_bonus_mean,0.00759395451571739,0.00020677111301906952,3
0.22142857142857142,pbrs_bonus_mean,0.0076192161525727095,0.00020064936040386434,3
0.22857142857142856,pbrs_bonus_mean,0.007663774613372396,0.00015228073287746897,3
0.2357142857142857,pbrs_bonus_mean,0.007749140139409322,0.00014714034556136655,3
0.24285714285714285,pbrs_bonus_mean,0.00778961624832383,0.0001942634889087779,3
0.25,pbrs_bonus_mean,0.007823948029590716,0.00022035349428665,3
0.2571428571428571,pbrs_bonus_mean,0.007839558551314907,0.00019164308442210109,3
0.2642857142857143,pbrs_bonus_mean,0.00787153596572868,0.00018238098689795038,3
0.2714285714285714,pbrs_bonus_mean,0.007877994750100214,0.00017426833038903679,3
0.2785714285714286,pbrs_bonus_mean,0.0078840746025558,0.00016682035585322452,3
0.2857142857142857,pbrs_bonus_mean,0.007873101117081291,0.00013878988723561332,3
0.29285714285714287,pbrs_bonus_mean,0.007803966344516781,0.00012180443250260642,3
0.3,pbrs_bonus_mean,0.007792376027912687,0.00011252351435203275,3
0.3071428571428571,pbrs_bonus_mean,0.007813984956769791,0.00013771959941736168,3
0.3142857142857143,pbrs_bonus_mean,0.007800892151304508,0.0001357869380930168,3
0.3214285714285714,pbrs_bonus_mean,0.007812018779475921,0.00016659226179876956,3
0.32857142857142857,pbrs_bonus_mean,0.007873543877032133,0.000151429532325196,3
0.3357142857142857,pbrs_bonus_mean,0.007916594226740419,0.00014455855341558496,3
0.34285714285714286,pbrs_bonus_mean,0.007964387365195663,0.000208434855202774,3
0.35,pbrs_bonus_mean,0.00799893638272921,0.00023877896009778264,3
0.35714285714285715,pbrs_bonus_mean,0.00800431311361523,0.00021405641181865666,3
0.36428571428571427,pbrs_bonus_mean,0.007998088200250953,0.00025969548086991013,3
0.37142857142857144,pbrs_bonus_mean,0.008083317412170022,0.00022240563289182189,3
0.37857142857142856,pbrs_bonus_mean,0.008088866976884136,0.00020837502219665078,3
0.3857142857142857,pbrs_bonus_mean,0.008109359464092853,0.00018998978063009377,3
0.39285714285714285,pbrs_bonus_mean,0.008117952696144943,0.00017425327329869395,3
0.39999999999999997,pbrs_bonus_mean,0.008089809684559267,0.00015071660461974577,3
0.40714285714285714,pbrs_bonus_mean,0.00809099353921467,0.000141944246934531,3
0.41428571428571426,pbrs_bonus_mean,0.008122035506887169,9.214926467264832e-05,3
0.42142857142857143,pbrs_bonus_mean,0.008122785523836516,7.059467219252729e-05,3
0.42857142857142855,pbrs_bonus_mean,0.008088278366910352,4.381388903622534e-06,3
0.4357142857142857,pbrs_bonus_mean,0.008098547186004522,4.769154371407934e-05,3
0.44285714285714284,pbrs_bonus_mean,0.008096088308591766,9.181037358291558e-05,3
0.45,pbrs_bonus_mean,0.008115965029925348,5.8710935759796356e-05,3
0.45714285714285713,pbrs_bonus_mean,0.008125111776784147,7.679181958332417e-05,3
0.46428571428571425,pbrs_bonus_mean,0.008181342072702798,7.910502928116713e-05,3
0.4714285714285714,pbrs_bonus_mean,0.008136215545795291,7.376614569841992e-05,3
0.47857142857142854,pbrs_bonus_mean,0.008173971309717828,6.14180572671487e-05,3
0.4857142857142857,pbrs_bonus_mean,0.008162521931770824,6.891404492009184e-05,3
0.4928571428571428,pbrs_bonus_mean,0.008171246523444189,9.966438938504618e-05,3
0.5,pbrs_bonus_mean,0.008135246427413574,0.00011344483045068528,3
0.5071428571428571,pbrs_bonus_mean,0.008144920683721009,7.096964642538783e-05,3
0.5142857142857142,pbrs_bonus_mean,0.008151462989672486,6.558931524383211e-05,3
0.5214285714285715,pbrs_bonus_mean,0.008160285668717229,7.667299891742356e-05,3
0.5285714285714286,pbrs_bonus_mean,0.008185482778085437,8.957417224020596e-05,3
0.5357142857142857,pbrs_bonus_mean,0.008172545014119818,0.00012304787786693766,3
0.5428571428571428,pbrs_bonus_mean,0.008163406493294528,0.0001506729941198051,3
0.5499999999999999,pbrs_bonus_mean,0.008182183508845775,0.00020867898490310944,3
0.5571428571428572,pbrs_bonus_mean,0.008160829921279747,0.00024070790806000674,3
0.5642857142857143,pbrs_bonus_mean,0.008113233149445462,0.00026382757659832107,3
0.5714285714285714,pbrs_bonus_mean,0.008094487524143573,0.00027635273825298267,3
0.5785714285714285,pbrs_bonus_mean,0.0080715051336194,0.00021378784874306094,3
0.5857142857142857,pbrs_bonus_mean,0.00804007722443671,0.00016264148757798297,3
0.5928571428571429,pbrs_bonus_mean,0.008060313904442474,0.00018176033112953739,3
0.6,pbrs_bonus_mean,0.008056505831060691,0.000198925436203708,3
0.6071428571428571,pbrs_bonus_mean,0.00806907537402219,0.00015574890328034967,3
0.6142857142857142,pbrs_bonus_mean,0.008103937990361257,0.00015954782834778382,3
0.6214285714285714,pbrs_bonus_mean,0.008120859399726394,0.00014598632700101047,3
0.6285714285714286,pbrs_bonus_mean,0.008095805837968964,0.00011525986502839524,3
0.6357142857142857,pbrs_bonus_mean,0.008134862208743454,0.00013215791926724646,3
0.6428571428571428,pbrs_bonus_mean,0.008114438258013622,0.00020804614965992487,3
0.65,pbrs_bonus_mean,0.008104190078444857,0.0001913882399264932,3
0.6571428571428571,pbrs_bonus_mean,0.008105279393251964,0.000169648476222595,3
0.6642857142857143,pbrs_bonus_mean,0.008130251293349445,0.00015224933877159227,3
0.6714285714285714,pbrs_bonus_mean,0.00813521906839443,0.00014852484209109374,3
0.6785714285714286,pbrs_bonus_mean,0.008148913309440621,0.0002258732426966585,3
0.6857142857142857,pbrs_bonus_mean,0.008175273837483434,0.0002813178248346509,3
0.6928571428571428,pbrs_bonus_mean,0.008174917073437059,0.0002153008734400292,3
0.7,pbrs_bonus_mean,0.008189916806510407,0.0002164425020983909,3
0.7071428571428571,pbrs_bonus_mean,0.008214769451582076,0.0002326448815763183,3
0.7142857142857143,pbrs_bonus_mean,0.00819377712010448,0.0002420076034038869,3
0.7214285714285714,pbrs_bonus_mean,0.008159212329375188,0.00028099805671358383,3
0.7285714285714285,pbrs_bonus_mean,0.008133770578085965,0.0002539863765584805,3
0.7357142857142857,pbrs_bonus_mean,0.008121766961332608,0.00021968424415298154,3
0.7428571428571429,pbrs_bonus_mean,0.008104219197799176,0.00020378105022124914,3
0.75,pbrs_bonus_mean,0.008126204944387712,0.0002387594322364164,3
0.7571428571428571,pbrs_bonus_mean,0.008119461043734276,0.0002516711850534156,3
0.7642857142857142,pbrs_bonus_mean,0.008108134499996781,0.0001944604979304011,3
0.7714285714285714,pbrs_bonus_mean,0.008124829744284329,0.00018393784835344065,3
0.7785714285714286,pbrs_bonus_mean,0.008191240124224898,0.00019413533987884134,3
0.7857142857142857,pbrs_bonus_mean,0.008234376306053158,0.00020591186873961258,3
0.7928571428571428,pbrs_bonus_mean,0.008255356180099314,0.00029276812371856203,3
0.7999999999999999,pbrs_bonus_mean,0.008270759959543529,0.00024387481059450115,3
0.8071428571428572,pbrs_bonus_mean,0.008231296079561808,0.00022393585673557788,3
0.8142857142857143,pbrs_bonus_mean,0.008244128810131656,0.0002972569636946176,3
0.8214285714285714,pbrs_bonus_mean,0.008223548044496464,0.0002909216872453408,3
0.8285714285714285,pbrs_bonus_mean,0.00818335118178499,0.0002737516661914452,3
0.8357142857142857,pbrs_bonus_mean,0.008158936043623386,0.00020419861407761544,3
0.8428571428571429,pbrs_bonus_mean,0.00814712769198178,0.00011840999264520639,3
0.85,pbrs_bonus_mean,0.00817660625710956,8.935646843438227e-05,3
0.8571428571428571,pbrs_bonus_mean,0.008179379089128419,0.00014327495426103947,3
0.8642857142857142,pbrs_bonus_mean,0.008199715853016732,0.0001281401410562607,3
0.8714285714285714,pbrs_bonus_mean,0.0081955505641124,0.00011870227458897862,3
0.8785714285714286,pbrs_bonus_mean,0.008236354265921368,0.00010725037916165515,3
0.8857142857142857,pbrs_bonus_mean,0.008276089547576101,0.00014614059306323896,3
0.8928571428571428,pbrs_bonus_mean,0.008323170819109235,0.00017988331592783618,3
0.9,pbrs_bonus_mean,0.008340043102244598,0.0001710546805419472,3
0.9071428571428571,pbrs_bonus_mean,0.008328371244397057,0.00016537238876866784,3
0.9142857142857143,pbrs_bonus_mean,0.008337206318648385,0.0001359048487837853,3
0.9214285714285714,pbrs_bonus_mean,0.008348210946341871,0.00017400510869499197,3
0.9285714285714285,pbrs_bonus_mean,0.008338453093575556,0.00015055661132672634,3
0.9357142857142857,pbrs_bonus_mean,0.008295939040205787,0.00017322200907856996,3
0.9428571428571428,pbrs_bonus_mean,0.008261203995411229,0.0001660904244184572,3
0.95,pbrs_bonus_mean,0.008248948546742893,0.00015822993198684696,3
0.9571428571428571,pbrs_bonus_mean,0.008225524543099322,0.00021729443956325462,3
0.9642857142857143,pbrs_bonus_mean,0.00820704367412449,0.00024218140490706093,3
0.9714285714285714,pbrs_bonus_mean,0.008231400849704881,0.00023177059435061997,3
0.9785714285714285,pbrs_bonus_mean,0.008271131274399055,0.00025280136337301173,3
0.9857142857142857,pbrs_bonus_mean,0.008291579096620675,0.00027367219149450014,3
0.9928571428571428,pbrs_bonus_mean,0.008331251920277371,0.00031004068100360516,3
1.0,pbrs_bonus_mean,0.008314451297389752,0.00035765736748373506,3
0.007142857142857143,abs_reward_ex_share,0.6317697155182008,0.0024430835500097096,3
0.014285714285714285,abs_reward_ex_share,0.6304768211969896,0.0014766803159365852,3
0.02142857142857143,abs_reward_ex_share,0.629847938742953,0.001831004659608438,3
0.02857142857142857,abs_reward_ex_share,0.6271816863549659,0.001984834196789868,3
0.03571428571428571,abs_reward_ex_share,0.6238517193487937,0.0023750039982144643,3
0.04285714285714286,abs_reward_ex_share,0.6204109201780752,0.0015104735525110395,3
0.049999999999999996,abs_reward_ex_share,0.6172171091280562,0.0008478791591173233,3
0.05714285714285714,abs_reward_ex_share,0.6146319664360447,0.0006820777254142967,3
0.06428571428571428,abs_reward_ex_share,0.610990396386136,0.0016228039044233601,3
0.07142857142857142,abs_reward_ex_share,0.6066288288432663,0.0016464172291661687,3
0.07857142857142857,abs_reward_ex_share,0.6030597277055046,0.0030887856163412347,3
0.08571428571428572,abs_reward_ex_share,0.6007808039185932,0.003994056338529448,3
0.09285714285714286,abs_reward_ex_share,0.5986258284175178,0.005424609280868096,3
0.09999999999999999,abs_reward_ex_share,0.5956602359767965,0.0048940924940591,3
0.10714285714285714,abs_reward_ex_share,0.5926087635843252,0.00557722619796892,3
0.11428571428571428,abs_reward_ex_share,0.5890459233425118,0.006593135817738048,3
0.12142857142857143,abs_reward_ex_share,0.5866401618589151,0.007933662489918926,3
0.12857142857142856,abs_reward_ex_share,0.5838202057505052,0.010032879752718769,3
0.1357142857142857,abs_reward_ex_share,0.579609182594195,0.011058496859166718,3
0.14285714285714285,abs_reward_ex_share,0.5761128384253332,0.013105918031392825,3
0.15,abs_reward_ex_share,0.5719075197838891,0.013018201957496906,3
0.15714285714285714,abs_reward_ex_share,0.568866663998613,0.013756027342053948,3
0.16428571428571428,abs_reward_ex_share,0.5657538773085818,0.013611036109580525,3
0.17142857142857143,abs_reward_ex_share,0.5625852994611569,0.013976252046059762,3
0.17857142857142858,abs_reward_ex_share,0.5592806244917586,0.012768428956374147,3
0.18571428571428572,abs_reward_ex_share,0.556909568374779,0.011385310804076211,3
0.19285714285714284,abs_reward_ex_share,0.55535973166656,0.01104717037196154,3
0.19999999999999998,abs_reward_ex_share,0.5524961097271625,0.010509586125671391,3
0.20714285714285713,abs_reward_ex_share,0.5490725495504453,0.011557924405285643,3
0.21428571428571427,abs_reward_ex_share,0.5453523835182899,0.011528470285284394,3
0.22142857142857142,abs_reward_ex_share,0.5418415175238698,0.011131282514830051,3
0.22857142857142856,abs_reward_ex_share,0.5385735385987892,0.011211237390803975,3
0.2357142857142857,abs_reward_ex_share,0.5344769321676485,0.011291687759155867,3
0.24285714285714285,abs_reward_ex_share,0.5309712516144492,0.012558558990790674,3
0.25,abs_reward_ex_share,0.5282647343066204,0.014152287292370426,3
0.2571428571428571,abs_reward_ex_share,0.5269193253007738,0.013853195528208276,3
0.2642857142857143,abs_reward_ex_share,0.5254671232062075,0.013107146797478658,3
0.2714285714285714,abs_reward_ex_share,0.5239219184852645,0.01205694245620258,3
0.2785714285714286,abs_reward_ex_share,0.52341750586815,0.01210742195419559,3
0.2857142857142857,abs_reward_ex_share,0.5237418291172936,0.01283810589991243,3
0.29285714285714287,abs_reward_ex_share,0.5239023375405286,0.011166326255885007,3
0.3,abs_reward_ex_share,0.5228851562541057,0.009446722441298478,3
0.3071428571428571,abs_reward_ex_share,0.5204889964948602,0.006595081748594265,3
0.3142857142857143,abs_reward_ex_share,0.5196412423620682,0.006187650976002759,3
0.3214285714285714,abs_reward_ex_share,0.5180858408452317,0.00838416510455503,3
0.32857142857142857,abs_reward_ex_share,0.5154856590095739,0.012098860878415676,3
0.3357142857142857,abs_reward_ex_share,0.5141284334937171,0.010227189480943345,3
0.34285714285714286,abs_reward_ex_share,0.5103513949601799,0.010763407639355708,3
0.35,abs_reward_ex_share,0.5093788019711344,0.010662574675055648,3
0.35714285714285715,abs_reward_ex_share,0.508292217649529,0.00946436896099437,3
0.36428571428571427,abs_reward_ex_share,0.5072250558647652,0.00929056012723824,3
0.37142857142857144,abs_reward_ex_share,0.5046325050141524,0.005129408542136352,3
0.37857142857142856,abs_reward_ex_share,0.5034399553938449,0.003481827561260302,3
0.3857142857142857,abs_reward_ex_share,0.5019810782180248,0.0016622969971901466,3
0.39285714285714285,abs_reward_ex_share,0.4980918704070818,0.0016628653832568522,3
0.39999999999999997,abs_reward_ex_share,0.4976548493102612,0.0018385706346360853,3
0.40714285714285714,abs_reward_ex_share,0.4975771853386343,0.0021706617468456217,3
0.41428571428571426,abs_reward_ex_share,0.49513870469303817,0.0021468046222959357,3
0.42142857142857143,abs_reward_ex_share,0.4942134524667205,0.003814587466263442,3
0.42857142857142855,abs_reward_ex_share,0.4942418144595937,0.0032797588079616154,3
0.4357142857142857,abs_reward_ex_share,0.4925835174171096,0.00244078501334429,3
0.44285714285714284,abs_reward_ex_share,0.4914412084886945,0.0011478752879410907,3
0.45,abs_reward_ex_share,0.4903416540178271,0.0003332247851845417,3
0.45714285714285713,abs_reward_ex_share,0.4887518665283341,0.002173865234427407,3
0.46428571428571425,abs_reward_ex_share,0.48379066748893207,0.0016488210168412103,3
0.4714285714285714,abs_reward_ex_share,0.48351914083536635,0.0027838917758228492,3
0.47857142857142854,abs_reward_ex_share,0.48199181047116024,0.005204648768960759,3
0.4857142857142857,abs_reward_ex_share,0.48109350319211014,0.003637264069481816,3
0.4928571428571428,abs_reward_ex_share,0.4824796452110089,0.006044339816896166,3
0.5,abs_reward_ex_share,0.48226533013089323,0.005250255181115772,3
0.5071428571428571,abs_reward_ex_share,0.48168270299869825,0.007141777167775057,3
0.5142857142857142,abs_reward_ex_share,0.48227302910304465,0.0051973341969965905,3
0.5214285714285715,abs_reward_ex_share,0.4829915396313939,0.0022121668040471784,3
0.5285714285714286,abs_reward_ex_share,0.4819664805143384,0.002376369898171083,3
0.5357142857142857,abs_reward_ex_share,0.4813500770401828,0.004359772403448798,3
0.5428571428571428,abs_reward_ex_share,0.4805681518635078,0.005230923835940974,3
0.5499999999999999,abs_reward_ex_share,0.4794169644322475,0.008228126559658154,3
0.5571428571428572,abs_reward_ex_share,0.47963705386851413,0.008356468931360385,3
0.5642857142857143,abs_reward_ex_share,0.4798774837482225,0.0077564100708230835,3
0.5714285714285714,abs_reward_ex_share,0.4801568426275054,0.007933288649280472,3
0.5785714285714285,abs_reward_ex_share,0.47896194703521283,0.004966211079419215,3
0.5857142857142857,abs_reward_ex_share,0.479521654459896,0.0019049465858652023,3
0.5928571428571429,abs_reward_ex_share,0.47762651704785575,0.002990491927844846,3
0.6,abs_reward_ex_share,0.4778851757258589,0.005602530436994667,3
0.6071428571428571,abs_reward_ex_share,0.47705027563872715,0.004238463701173823,3
0.6142857142857142,abs_reward_ex_share,0.4754980553851243,0.0037603763249206977,3
0.6214285714285714,abs_reward_ex_share,0.47468844298602875,0.0034255552247455536,3
0.6285714285714286,abs_reward_ex_share,0.47424425648531154,0.0033688960614867737,3
0.6357142857142857,abs_reward_ex_share,0.47210749496064425,0.0037180719720507492,3
0.6428571428571428,abs_reward_ex_share,0.4722834285829329,0.009161023908690865,3
0.65,abs_reward_ex_share,0.47192917868997614,0.00825331763523101,3
0.6571428571428571,abs_reward_ex_share,0.47094357216101246,0.007538519608960433,3
0.6642857142857143,abs_reward_ex_share,0.47035243398417115,0.008616426008615702,3
0.6714285714285714,abs_reward_ex_share,0.4698744389671085,0.009450322539964673,3
0.6785714285714286,abs_reward_ex_share,0.4702213829295037,0.011876030683515558,3
0.6857142857142857,abs_reward_ex_share,0.46825142738618925,0.01284018966060441,3
0.6928571428571428,abs_reward_ex_share,0.4697838213290191,0.009998254861007819,3
0.7,abs_reward_ex_share,0.47016879524651717,0.007384127804375089,3
0.7071428571428571,abs_reward_ex_share,0.4686139892857903,0.007863524312834241,3
0.7142857142857143,abs_reward_ex_share,0.4688655412901305,0.0062960766072580835,3
0.7214285714285714,abs_reward_ex_share,0.47033398953172645,0.009267438111974764,3
0.7285714285714285,abs_reward_ex_share,0.47073188149082884,0.008416698095414872,3
0.7357142857142857,abs_reward_ex_share,0.47124024779155144,0.0072177494019492645,3
0.7428571428571429,abs_reward_ex_share,0.47121765116688974,0.006436431097736655,3
0.75,abs_reward_ex_share,0.4704946973438083,0.007454924373790715,3
0.7571428571428571,abs_reward_ex_share,0.46950911845078735,0.009799479712604631,3
0.7642857142857142,abs_reward_ex_share,0.46871474226033033,0.009233231340730627,3
0.7714285714285714,abs_reward_ex_share,0.466148097416437,0.010170969751272766,3
0.7785714285714286,abs_reward_ex_share,0.4634583041195075,0.008416703794292876,3
0.7857142857142857,abs_reward_ex_share,0.46030564252816353,0.009092456475906067,3
0.7928571428571428,abs_reward_ex_share,0.458825903009718,0.013415579292866738,3
0.7999999999999999,abs_reward_ex_share,0.45734243931637747,0.011578931181982562,3
0.8071428571428572,abs_reward_ex_share,0.4575801966148118,0.012015124224771375,3
0.8142857142857143,abs_reward_ex_share,0.45559037313964046,0.013900448338334589,3
0.8214285714285714,abs_reward_ex_share,0.45829168549049637,0.013027825371080113,3
0.8285714285714285,abs_reward_ex_share,0.45888834270333634,0.011873234135908715,3
0.8357142857142857,abs_reward_ex_share,0.457767121248221,0.013676520707864926,3
0.8428571428571429,abs_reward_ex_share,0.458177805172263,0.009404074060680367,3
0.85,abs_reward_ex_share,0.4569075239015759,0.009246484370294522,3
0.8571428571428571,abs_reward_ex_share,0.4559481164295142,0.0121701467626822,3
0.8642857142857142,abs_reward_ex_share,0.4547070053869358,0.009232866794874079,3
0.8714285714285714,abs_reward_ex_share,0.455176923253394,0.009012327062907076,3
0.8785714285714286,abs_reward_ex_share,0.4528551169726797,0.007223926279023681,3
0.8857142857142857,abs_reward_ex_share,0.4509174107656544,0.008383487113400836,3
0.8928571428571428,abs_reward_ex_share,0.4496617352807199,0.0073845390804023765,3
0.9,abs_reward_ex_share,0.44805799133500357,0.009867672344242543,3
0.9071428571428571,abs_reward_ex_share,0.44805669588884983,0.00892246441004988,3
0.9142857142857143,abs_reward_ex_share,0.4487683802235547,0.008495837987909271,3
0.9214285714285714,abs_reward_ex_share,0.44827510264386733,0.011193119206745527,3
0.9285714285714285,abs_reward_ex_share,0.44913446062065737,0.01023745722880849,3
0.9357142857142857,abs_reward_ex_share,0.44997796305716253,0.00964164884495568,3
0.9428571428571428,abs_reward_ex_share,0.4521718904784147,0.00790573397242967,3
0.95,abs_reward_ex_share,0.45132980459070166,0.009111440809842313,3
0.9571428571428571,abs_reward_ex_share,0.45327922225806594,0.007161705845350832,3
0.9642857142857143,abs_reward_ex_share,0.45296990220203703,0.007583973491531295,3
0.9714285714285714,abs_reward_ex_share,0.4528934956726503,0.006599756084091725,3
0.9785714285714285,abs_reward_ex_share,0.45240661382529196,0.006956939886984072,3
0.9857142857142857,abs_reward_ex_share,0.4508155875860375,0.008423414625349561,3
0.9928571428571428,abs_reward_ex_share,0.45115286464492327,0.009450990426678865,3
1.0,abs_reward_ex_share,0.4513364159755812,0.013709754523612849,3
0.007142857142857143,abs_reward_in_gated_share,0.3630927179288474,0.0023533327902862137,3
0.014285714285714285,abs_reward_in_gated_share,0.36433154082291747,0.0013934020421913617,3
0.02142857142857143,abs_reward_in_gated_share,0.36495103975620286,0.0017780624715765475,3
0.02857142857142857,abs_reward_in_gated_share,0.36756187409224966,0.0019591047009361456,3
0.03571428571428571,abs_reward_in_gated_share,0.3707668946229407,0.0023911969485983877,3
0.04285714285714286,abs_reward_in_gated_share,0.37408149654090767,0.0015479866474707661,3
0.049999999999999996,abs_reward_in_gated_share,0.37713415998116373,0.0009059972774866376,3
0.05714285714285714,abs_reward_in_gated_share,0.37960099234355776,0.0006916037281780794,3
0.06428571428571428,abs_reward_in_gated_share,0.38308932128969214,0.0014784434490336213,3
0.07142857142857142,abs_reward_in_gated_share,0.3873023340341139,0.0014466918203393452,3
0.07857142857142857,abs_reward_in_gated_share,0.39070988245241306,0.0028462117966196435,3
0.08571428571428572,abs_reward_in_gated_share,0.39288724819936843,0.003797153591025207,3
0.09285714285714286,abs_reward_in_gated_share,0.3949574984016715,0.005221566825052752,3
0.09999999999999999,abs_reward_in_gated_share,0.3978168685699562,0.004721470720202302,3
0.10714285714285714,abs_reward_in_gated_share,0.40077853338523267,0.00529469914259904,3
0.11428571428571428,abs_reward_in_gated_share,0.4042308977309805,0.00623210718277554,3
0.12142857142857143,abs_reward_in_gated_share,0.40657884082301043,0.007525217473018045,3
0.12857142857142856,abs_reward_in_gated_share,0.40930177247905797,0.009555917433008584,3
0.1357142857142857,abs_reward_in_gated_share,0.413408134907226,0.010538364244397178,3
0.14285714285714285,abs_reward_in_gated_share,0.4167734852443661,0.012438572030695002,3
0.15,abs_reward_in_gated_share,0.42082077338596463,0.012331485332966059,3
0.15714285714285714,abs_reward_in_gated_share,0.42374804091285284,0.013077289494415443,3
0.16428571428571428,abs_reward_in_gated_share,0.4267361171492035,0.013001200906416429,3
0.17142857142857143,abs_reward_in_gated_share,0.4297727038767456,0.013381465272818924,3
0.17857142857142858,abs_reward_in_gated_share,0.43296264195563056,0.012195452022183232,3
0.18571428571428572,abs_reward_in_gated_share,0.43522788189040784,0.010891970060377709,3
0.19285714285714284,abs_reward_in_gated_share,0.4366670673302251,0.01062864994021594,3
0.19999999999999998,abs_reward_in_gated_share,0.43942544950350965,0.010104983267081147,3
0.20714285714285713,abs_reward_in_gated_share,0.4427871861737429,0.011167195996087002,3
0.21428571428571427,abs_reward_in_gated_share,0.44639105698030246,0.011095724298374075,3
0.22142857142857142,abs_reward_in_gated_share,0.44980723952757723,0.010711353363393197,3
0.22857142857142856,abs_reward_in_gated_share,0.4529583863725495,0.010850451706540929,3
0.2357142857142857,abs_reward_in_gated_share,0.45687087554887285,0.010938451684468015,3
0.24285714285714285,abs_reward_in_gated_share,0.46024963128197965,0.01213317764321781,3
0.25,abs_reward_in_gated_share,0.4628535665655433,0.013659543099027359,3
0.2571428571428571,abs_reward_in_gated_share,0.46415442818857455,0.013399345016692536,3
0.2642857142857143,abs_reward_in_gated_share,0.4655326895556857,0.012687293864333751,3
0.2714285714285714,abs_reward_in_gated_share,0.46704831490601,0.011710203934529567,3
0.2785714285714286,abs_reward_in_gated_share,0.46753834362852037,0.011795472242107564,3
0.2857142857142857,abs_reward_in_gated_share,0.4672312725469072,0.01253694583794505,3
0.29285714285714287,abs_reward_in_gated_share,0.4671722055337509,0.010936485920507506,3
0.3,abs_reward_in_gated_share,0.46819810593829864,0.009319376699465783,3
0.3071428571428571,abs_reward_in_gated_share,0.4705309000523385,0.006591082572950335,3
0.3142857142857143,abs_reward_in_gated_share,0.4713693321465194,0.006187261297841509,3
0.3214285714285714,abs_reward_in_gated_share,0.4728742483498845,0.00829348751291824,3
0.32857142857142857,abs_reward_in_gated_share,0.47532797524166215,0.011841534687446486,3
0.3357142857142857,abs_reward_in_gated_share,0.4766058898637148,0.009966641414023116,3
0.34285714285714286,abs_reward_in_gated_share,0.48024392348243067,0.010428993241892724,3
0.35,abs_reward_in_gated_share,0.4811530342034967,0.010270271028710904,3
0.35714285714285715,abs_reward_in_gated_share,0.48220732824272544,0.009101262578528566,3
0.36428571428571427,abs_reward_in_gated_share,0.4832666575286661,0.008858560569491303,3
0.37142857142857144,abs_reward_in_gated_share,0.48570213235274856,0.004833214615453053,3
0.37857142857142856,abs_reward_in_gated_share,0.4868711730050462,0.0032549740662113657,3
0.3857142857142857,abs_reward_in_gated_share,0.4883017849022478,0.001710329261347961,3
0.39285714285714285,abs_reward_in_gated_share,0.4920970674602522,0.0014850093047414437,3
0.39999999999999997,abs_reward_in_gated_share,0.4925720775597912,0.0016627545909306501,3
0.40714285714285714,abs_reward_in_gated_share,0.492639091374901,0.0020425487403943963,3
0.41428571428571426,abs_reward_in_gated_share,0.4949910339202694,0.002032304786680731,3
0.42142857142857143,abs_reward_in_gated_share,0.49589604504715457,0.003689652601100655,3
0.42857142857142855,abs_reward_in_gated_share,0.4959072052815321,0.003216661929394489,3
0.4357142857142857,abs_reward_in_gated_share,0.4975197133247342,0.0024722012729273264,3
0.44285714285714284,abs_reward_in_gated_share,0.4986175639400852,0.0012169013204533573,3
0.45,abs_reward_in_gated_share,0.49967227097392203,0.00042579437563344656,3
0.45714285714285713,abs_reward_in_gated_share,0.5012048308187791,0.0020248527046233676,3
0.46428571428571425,abs_reward_in_gated_share,0.5059911878911892,0.0016875618308901615,3
0.4714285714285714,abs_reward_in_gated_share,0.5063054403119128,0.002835319910966127,3
0.47857142857142854,abs_reward_in_gated_share,0.5077602313759899,0.005162064529083102,3
0.4857142857142857,abs_reward_in_gated_share,0.5086564778833064,0.003606182218333828,3
0.4928571428571428,abs_reward_in_gated_share,0.5072684384810217,0.005881791890047301,3
0.5,abs_reward_in_gated_share,0.5075303836994959,0.005120964818220876,3
0.5071428571428571,abs_reward_in_gated_share,0.5080656841814324,0.006985615899990871,3
0.5142857142857142,abs_reward_in_gated_share,0.5074791232045747,0.0051008064919663065,3
0.5214285714285715,abs_reward_in_gated_share,0.5067582076747822,0.0021713128397467633,3
0.5285714285714286,abs_reward_in_gated_share,0.507743941044419,0.0022551742000259654,3
0.5357142857142857,abs_reward_in_gated_share,0.5083544240082302,0.004153578983465505,3
0.5428571428571428,abs_reward_in_gated_share,0.5091419954383499,0.0050621957698695885,3
0.5499999999999999,abs_reward_in_gated_share,0.5102562698069942,0.00787752649721616,3
0.5571428571428572,abs_reward_in_gated_share,0.5100814714752725,0.007937858444891883,3
0.5642857142857143,abs_reward_in_gated_share,0.5099345014926575,0.007299660216877539,3
0.5714285714285714,abs_reward_in_gated_share,0.5096743890567769,0.007430320451897543,3
0.5785714285714285,abs_reward_in_gated_share,0.5108772162869292,0.004607378248229408,3
0.5857142857142857,abs_reward_in_gated_share,0.5103687884752345,0.0016496712568935359,3
0.5928571428571429,abs_reward_in_gated_share,0.5122015515929192,0.002667162658736012,3
0.6,abs_reward_in_gated_share,0.5119438829440653,0.005214434687576061,3
0.6071428571428571,abs_reward_in_gated_share,0.5127474663395822,0.003933224418597231,3
0.6142857142857142,abs_reward_in_gated_share,0.5142041850120245,0.003466432393051226,3
0.6214285714285714,abs_reward_in_gated_share,0.5149663910725991,0.003181012617916096,3
0.6285714285714286,abs_reward_in_gated_share,0.5154416164038377,0.003146191448003362,3
0.6357142857142857,abs_reward_in_gated_share,0.5174869769097342,0.003446526752750802,3
0.6428571428571428,abs_reward_in_gated_share,0.5173445302315798,0.008675461106558256,3
0.65,abs_reward_in_gated_share,0.5177032832262322,0.007774913506071991,3
0.6571428571428571,abs_reward_in_gated_share,0.5186615809368299,0.007097135655654675,3
0.6642857142857143,abs_reward_in_gated_share,0.5191997075148455,0.008182720418403016,3
0.6714285714285714,abs_reward_in_gated_share,0.5196820641695197,0.009001477492049728,3
0.6785714285714286,abs_reward_in_gated_share,0.5193123314511457,0.011263948350650841,3
0.6857142857142857,abs_reward_in_gated_share,0.5211941451297325,0.012141365540110523,3
0.6928571428571428,abs_reward_in_gated_share,0.5196922335427375,0.009465480239680413,3
0.7,abs_reward_in_gated_share,0.5192900267979274,0.006916706715207888,3
0.7071428571428571,abs_reward_in_gated_share,0.5207677389665916,0.00738158062022542,3
0.7142857142857143,abs_reward_in_gated_share,0.5205632631419516,0.005840028646908985,3
0.7214285714285714,abs_reward_in_gated_share,0.5191727042941577,0.008700405976374262,3
0.7285714285714285,abs_reward_in_gated_share,0.5188229172529031,0.00791613220195055,3
0.7357142857142857,abs_reward_in_gated_share,0.5183522294133066,0.006822316671968417,3
0.7428571428571429,abs_reward_in_gated_share,0.5183917570908182,0.006080165681402366,3
0.75,abs_reward_in_gated_share,0.5190676038046231,0.007004492349264656,3
0.7571428571428571,abs_reward_in_gated_share,0.5200643614790882,0.009260823772967807,3
0.7642857142857142,abs_reward_in_gated_share,0.5208546918259201,0.008791994894370927,3
0.7714285714285714,abs_reward_in_gated_share,0.5233352193036032,0.00970173546741689,3
0.7785714285714286,abs_reward_in_gated_share,0.5258556705830904,0.007933571041314567,3
0.7857142857142857,abs_reward_in_gated_share,0.5288832595009169,0.008551147757193248,3
0.7928571428571428,abs_reward_in_gated_share,0.5303014938260108,0.012675220437135792,3
0.7999999999999999,abs_reward_in_gated_share,0.5317388124792024,0.0109630564036886,3
0.8071428571428572,abs_reward_in_gated_share,0.5315515022460403,0.011422787359243005,3
0.8142857142857143,abs_reward_in_gated_share,0.5334799101812691,0.013169787356888289,3
0.8214285714285714,abs_reward_in_gated_share,0.5308750331053176,0.012339298803590361,3
0.8285714285714285,abs_reward_in_gated_share,0.53036011860274,0.01123922879249346,3
0.8357142857142857,abs_reward_in_gated_share,0.5314920116295329,0.013131913048493494,3
0.8428571428571429,abs_reward_in_gated_share,0.5311051577534555,0.009084440109049935,3
0.85,abs_reward_in_gated_share,0.532317551888563,0.008952635680987486,3
0.8571428571428571,abs_reward_in_gated_share,0.533250321099093,0.01170957272452152,3
0.8642857142857142,abs_reward_in_gated_share,0.5344473107720252,0.008888587503470994,3
0.8714285714285714,abs_reward_in_gated_share,0.5339873987320525,0.008716434247418903,3
0.8785714285714286,abs_reward_in_gated_share,0.5361968562974823,0.00707696958931463,3
0.8857142857142857,abs_reward_in_gated_share,0.5380560871679679,0.008109055779861641,3
0.8928571428571428,abs_reward_in_gated_share,0.5392153331788926,0.007044407207321895,3
0.9,abs_reward_in_gated_share,0.5407495038990532,0.00949253560644277,3
0.9071428571428571,abs_reward_in_gated_share,0.5407645633389725,0.00856641861770003,3
0.9142857142857143,abs_reward_in_gated_share,0.5400565016133786,0.008161391470042812,3
0.9214285714285714,abs_reward_in_gated_share,0.5405102758394874,0.010722890570521145,3
0.9285714285714285,abs_reward_in_gated_share,0.5396757473475042,0.009814922344695706,3
0.9357142857142857,abs_reward_in_gated_share,0.5389082256183263,0.009192313527792442,3
0.9428571428571428,abs_reward_in_gated_share,0.5367976737837217,0.007499451049050856,3
0.95,abs_reward_in_gated_share,0.537636446364779,0.008688416537021485,3
0.9571428571428571,abs_reward_in_gated_share,0.5357733518539477,0.0067052059138850715,3
0.9642857142857143,abs_reward_in_gated_share,0.5360941828899008,0.007082382401100998,3
0.9714285714285714,abs_reward_in_gated_share,0.5361439322795309,0.006246574827727917,3
0.9785714285714285,abs_reward_in_gated_share,0.5365303646298923,0.006633834964976605,3
0.9857142857142857,abs_reward_in_gated_share,0.5380540712045515,0.008063936973659947,3
0.9928571428571428,abs_reward_in_gated_share,0.5376591423125404,0.009085213702900007,3
1.0,abs_reward_in_gated_share,0.5374829135581186,0.013200047300557873,3
0.007142857142857143,abs_pbrs_bonus_share,0.005137566552951711,9.770901321962435e-05,3
0.014285714285714285,abs_pbrs_bonus_share,0.00519163798009288,8.54859062324842e-05,3
0.02142857142857143,abs_pbrs_bonus_share,0.005201021500844062,5.604084485171115e-05,3
0.02857142857142857,abs_pbrs_bonus_share,0.005256439552784507,2.7304188108767144e-05,3
0.03571428571428571,abs_pbrs_bonus_share,0.005381386028265601,1.765323488038263e-05,3
0.04285714285714286,abs_pbrs_bonus_share,0.005507583281017153,9.148777672855947e-05,3
0.049999999999999996,abs_pbrs_bonus_share,0.0056487308907800385,8.869482350837102e-05,3
0.05714285714285714,abs_pbrs_bonus_share,0.005767041220397443,0.0001255530994664082,3
0.06428571428571428,abs_pbrs_bonus_share,0.005920282324171804,0.00016003452884086266,3
0.07142857142857142,abs_pbrs_bonus_share,0.006068837122619738,0.0001997473478807879,3
0.07857142857142857,abs_pbrs_bonus_share,0.006230389842082248,0.00024269871284465032,3
0.08571428571428572,abs_pbrs_bonus_share,0.006331947882038324,0.00020762814758240174,3
0.09285714285714286,abs_pbrs_bonus_share,0.006416673180810646,0.000204241547317581,3
0.09999999999999999,abs_pbrs_bonus_share,0.006522895453247162,0.0001736088307372959,3
0.10714285714285714,abs_pbrs_bonus_share,0.006612703030441982,0.00028361301010840543,3
0.11428571428571428,abs_pbrs_bonus_share,0.006723178926507548,0.00036117540393473097,3
0.12142857142857143,abs_pbrs_bonus_share,0.006780997318074433,0.00041327930725183255,3
0.12857142857142856,abs_pbrs_bonus_share,0.006878021770436817,0.0004789145843310216,3
0.1357142857142857,abs_pbrs_bonus_share,0.006982682498578794,0.0005201547933954746,3
0.14285714285714285,abs_pbrs_bonus_share,0.00711367633030071,0.0006678853308185295,3
0.15,abs_pbrs_bonus_share,0.007271706830146181,0.0006872060742472764,3
0.15714285714285714,abs_pbrs_bonus_share,0.007385295088534065,0.0006802423989032046,3
0.16428571428571428,abs_pbrs_bonus_share,0.0075100055422145685,0.0006099616905569866,3
0.17142857142857143,abs_pbrs_bonus_share,0.007641996662097506,0.000594965081420057,3
0.17857142857142858,abs_pbrs_bonus_share,0.007756733552610768,0.000575212238097803,3
0.18571428571428572,abs_pbrs_bonus_share,0.007862549734813014,0.0004937460034627565,3
0.19285714285714284,abs_pbrs_bonus_share,0.007973201003214794,0.0004209243132568738,3
0.19999999999999998,abs_pbrs_bonus_share,0.008078440769327858,0.00041152554560642954,3
0.20714285714285713,abs_pbrs_bonus_share,0.00814026427581178,0.00039893566345042947,3
0.21428571428571427,abs_pbrs_bonus_share,0.008256559501407709,0.00044463190618471577,3
0.22142857142857142,abs_pbrs_bonus_share,0.008351242948552934,0.00042973605906327517,3
0.22857142857142856,abs_pbrs_bonus_share,0.008468075028661176,0.00036547192569802054,3
0.2357142857142857,abs_pbrs_bonus_share,0.008652192283478714,0.0003597508682910687,3
0.24285714285714285,abs_pbrs_bonus_share,0.008779117103571132,0.00043923694891986464,3
0.25,abs_pbrs_bonus_share,0.008881699127836437,0.0005040641258135688,3
0.2571428571428571,abs_pbrs_bonus_share,0.008926246510651555,0.00046998199054004887,3
0.2642857142857143,abs_pbrs_bonus_share,0.009000187238106739,0.00044504214629630383,3
0.2714285714285714,abs_pbrs_bonus_share,0.009029766608725388,0.0003837366191144796,3
0.2785714285714286,abs_pbrs_bonus_share,0.009044150503329657,0.00035294014584640184,3
0.2857142857142857,abs_pbrs_bonus_share,0.009026898335799083,0.0003304199043511985,3
0.29285714285714287,abs_pbrs_bonus_share,0.008925456925720531,0.00026535765134471886,3
0.3,abs_pbrs_bonus_share,0.008916737807595575,0.00017725495535799514,3
0.3071428571428571,abs_pbrs_bonus_share,0.008980103452801182,0.00013090869484233618,3
0.3142857142857143,abs_pbrs_bonus_share,0.008989425491412248,0.0001381119256873106,3
0.3214285714285714,abs_pbrs_bonus_share,0.009039910804883663,0.000229556968837761,3
0.32857142857142857,abs_pbrs_bonus_share,0.009186365748763999,0.0003207790827816118,3
0.3357142857142857,abs_pbrs_bonus_share,0.00926567664256806,0.000310443500439481,3
0.34285714285714286,abs_pbrs_bonus_share,0.009404681557389404,0.0004148793666571047,3
0.35,abs_pbrs_bonus_share,0.00946816382536878,0.00045449201897983184,3
0.35714285714285715,abs_pbrs_bonus_share,0.009500454107745492,0.00039729216578248663,3
0.36428571428571427,abs_pbrs_bonus_share,0.009508286606568675,0.0004586711164724224,3
0.37142857142857144,abs_pbrs_bonus_share,0.009665362633099082,0.000328693138751197,3
0.37857142857142856,abs_pbrs_bonus_share,0.009688871601108854,0.0002736910018599442,3
0.3857142857142857,abs_pbrs_bonus_share,0.009717136879727147,0.00017190125567922065,3
0.39285714285714285,abs_pbrs_bonus_share,0.009811062132665914,0.00019530574591927025,3
0.39999999999999997,abs_pbrs_bonus_share,0.009773073129947572,0.00017689735861863327,3
0.40714285714285714,abs_pbrs_bonus_share,0.009783723286464664,0.00016396350964747888,3
0.41428571428571426,abs_pbrs_bonus_share,0.009870261386692425,0.0001217819650764957,3
0.42142857142857143,abs_pbrs_bonus_share,0.009890502486124856,0.00012559130610561442,3
0.42857142857142855,abs_pbrs_bonus_share,0.00985098025887419,9.409177179919646e-05,3
0.4357142857142857,abs_pbrs_bonus_share,0.009896769258156133,3.627383830931772e-05,3
0.44285714285714284,abs_pbrs_bonus_share,0.009941227571220191,0.00012128102726073828,3
0.45,abs_pbrs_bonus_share,0.009986075008250795,0.00010827906451054483,3
0.45714285714285713,abs_pbrs_bonus_share,0.010043302652886743,0.00017132887217091312,3
0.46428571428571425,abs_pbrs_bonus_share,0.010218144619878624,0.00011451550672568662,3
0.4714285714285714,abs_pbrs_bonus_share,0.01017541885272074,5.1734155628444156e-05,3
0.47857142857142854,abs_pbrs_bonus_share,0.010247958152849746,5.3261173957264606e-05,3
0.4857142857142857,abs_pbrs_bonus_share,0.010250018924583488,4.1763901032976684e-05,3
0.4928571428571428,abs_pbrs_bonus_share,0.010251916307969356,0.00017027997135826494,3
0.5,abs_pbrs_bonus_share,0.010204286169610725,0.00015052914494262645,3
0.5071428571428571,abs_pbrs_bonus_share,0.010251612819869334,0.00015774263821000304,3
0.5142857142857142,abs_pbrs_bonus_share,0.01024784769238063,0.00011243184393797078,3
0.5214285714285715,abs_pbrs_bonus_share,0.0102502526938239,8.811591745899988e-05,3
0.5285714285714286,abs_pbrs_bonus_share,0.010289578441242552,0.000182265803125125,3
0.5357142857142857,abs_pbrs_bonus_share,0.010295498951586898,0.0002629048757511338,3
0.5428571428571428,abs_pbrs_bonus_share,0.010289852698142154,0.0002838664233257876,3
0.5499999999999999,abs_pbrs_bonus_share,0.01032676576075815,0.00043675612847230306,3
0.5571428571428572,abs_pbrs_bonus_share,0.010281474656213336,0.0004945558500863855,3
0.5642857142857143,abs_pbrs_bonus_share,0.010188014759119882,0.0005282185605159341,3
0.5714285714285714,abs_pbrs_bonus_share,0.010168768315717695,0.000562238954796638,3
0.5785714285714285,abs_pbrs_bonus_share,0.01016083667785793,0.0004213707000005546,3
0.5857142857142857,abs_pbrs_bonus_share,0.010109557064869512,0.00026938634270419503,3
0.5928571428571429,abs_pbrs_bonus_share,0.01017193135922496,0.00032366677689501177,3
0.6,abs_pbrs_bonus_share,0.010170941330075692,0.0003886457006765873,3
0.6071428571428571,abs_pbrs_bonus_share,0.010202258021690553,0.0003098278955646308,3
0.6142857142857142,abs_pbrs_bonus_share,0.010297759602851168,0.0003018497258773424,3
0.6214285714285714,abs_pbrs_bonus_share,0.010345165941371968,0.0002602654996457296,3
0.6285714285714286,abs_pbrs_bonus_share,0.010314127110850807,0.00022355998141310155,3
0.6357142857142857,abs_pbrs_bonus_share,0.010405528129621486,0.000271742290730663,3
0.6428571428571428,abs_pbrs_bonus_share,0.010372041185487296,0.0004923781799112329,3
0.65,abs_pbrs_bonus_share,0.010367538083791745,0.00047887227857363327,3
0.6571428571428571,abs_pbrs_bonus_share,0.01039484690215751,0.0004414109036201501,3
0.6642857142857143,abs_pbrs_bonus_share,0.010447858500983351,0.0004340294381816044,3
0.6714285714285714,abs_pbrs_bonus_share,0.010443496863371806,0.00044885760040609874,3
0.6785714285714286,abs_pbrs_bonus_share,0.010466285619350502,0.0006147840188518423,3
0.6857142857142857,abs_pbrs_bonus_share,0.010554427484078276,0.0007031062034960396,3
0.6928571428571428,abs_pbrs_bonus_share,0.010523945128243423,0.0005378482711419141,3
0.7,abs_pbrs_bonus_share,0.010541177955555397,0.00047789454140478085,3
0.7071428571428571,abs_pbrs_bonus_share,0.010618271747618183,0.0005077743083569806,3
0.7142857142857143,abs_pbrs_bonus_share,0.010571195567917815,0.0004901448122089957,3
0.7214285714285714,abs_pbrs_bonus_share,0.010493306174115749,0.0005918049348543319,3
0.7285714285714285,abs_pbrs_bonus_share,0.010445201256268034,0.0005232266158499667,3
0.7357142857142857,abs_pbrs_bonus_share,0.010407522795142012,0.0004311836268104974,3
0.7428571428571429,abs_pbrs_bonus_share,0.010390591742291963,0.0003964636694441873,3
0.75,abs_pbrs_bonus_share,0.010437698851568521,0.0004681231089369675,3
0.7571428571428571,abs_pbrs_bonus_share,0.01042652007012429,0.000542006031687859,3
0.7642857142857142,abs_pbrs_bonus_share,0.010430565913749454,0.00044288980525954516,3
0.7714285714285714,abs_pbrs_bonus_share,0.010516683279959855,0.0004709828246619087,3
0.7785714285714286,abs_pbrs_bonus_share,0.010686025297402058,0.00048460971775043585,3
0.7857142857142857,abs_pbrs_bonus_share,0.010811097970919505,0.0005414602600455285,3
0.7928571428571428,abs_pbrs_bonus_share,0.0108726031642712,0.000740398752964078,3
0.7999999999999999,abs_pbrs_bonus_share,0.010918748204420084,0.0006191212468563379,3
0.8071428571428572,abs_pbrs_bonus_share,0.010868301139147864,0.0005977716207238001,3
0.8142857142857143,abs_pbrs_bonus_share,0.01092971667909033,0.0007321250276380207,3
0.8214285714285714,abs_pbrs_bonus_share,0.010833281404185909,0.0006885266535540982,3
0.8285714285714285,abs_pbrs_bonus_share,0.010751538693923554,0.0006341199517376899,3
0.8357142857142857,abs_pbrs_bonus_share,0.010740867122246136,0.0005475671469649461,3
0.8428571428571429,abs_pbrs_bonus_share,0.010717037074281482,0.00032170774790449204,3
0.85,abs_pbrs_bonus_share,0.010774924209860938,0.0002939189466143732,3
0.8571428571428571,abs_pbrs_bonus_share,0.010801562471392802,0.000464473292969397,3
0.8642857142857142,abs_pbrs_bonus_share,0.010845683841038954,0.00036472842755555897,3
0.8714285714285714,abs_pbrs_bonus_share,0.010835678014553417,0.0003349222220617448,3
0.8785714285714286,abs_pbrs_bonus_share,0.010948026729837917,0.00022315843178249455,3
0.8857142857142857,abs_pbrs_bonus_share,0.011026502066377597,0.00032869559394015666,3
0.8928571428571428,abs_pbrs_bonus_share,0.011122931540387468,0.00037532861285996576,3
0.9,abs_pbrs_bonus_share,0.01119250476594316,0.00040022185358179154,3
0.9071428571428571,abs_pbrs_bonus_share,0.011178740772177615,0.0003799912389618967,3
0.9142857142857143,abs_pbrs_bonus_share,0.011175118163066633,0.0003461219659376843,3
0.9214285714285714,abs_pbrs_bonus_share,0.01121462151664526,0.0004737964283264413,3
0.9285714285714285,abs_pbrs_bonus_share,0.011189792031838272,0.0004228740411582846,3
0.9357142857142857,abs_pbrs_bonus_share,0.011113811324511112,0.00044962339750287335,3
0.9428571428571428,abs_pbrs_bonus_share,0.011030435737863527,0.0004065143745991696,3
0.95,abs_pbrs_bonus_share,0.011033749044519202,0.000423138977282984,3
0.9571428571428571,abs_pbrs_bonus_share,0.010947425887986235,0.00045762109361018434,3
0.9642857142857143,abs_pbrs_bonus_share,0.010935914908062094,0.0005016254621867911,3
0.9714285714285714,abs_pbrs_bonus_share,0.010962572047818512,0.00041212667257294413,3
0.9785714285714285,abs_pbrs_bonus_share,0.011063021544815777,0.00043226829254793025,3
0.9857142857142857,abs_pbrs_bonus_share,0.011130341209410852,0.00047551098556793125,3
0.9928571428571428,abs_pbrs_bonus_share,0.01118799304253619,0.0005409174034718661,3
1.0,abs_pbrs_bonus_share,0.011180670466300184,0.0006672113254548465,3
