"archive","asset_name","download_url","source_key","title","part","file_count","source_mb","zip_mb","largest_file_mb"
"archives/raw_results_20260613/figures_acceptance_demo_part01.zip","figures_acceptance_demo_part01.zip","https://github.com/yangyangaaaaaa/Undergraduate-Graduation-Project/releases/download/raw-results-20260613/figures_acceptance_demo_part01.zip","figures_acceptance_demo","验收演示原始动图与设置图","1","14","73.45","72.02","11.84"
"archives/raw_results_20260613/figures_acceptance_demo_part02.zip","figures_acceptance_demo_part02.zip","https://github.com/yangyangaaaaaa/Undergraduate-Graduation-Project/releases/download/raw-results-20260613/figures_acceptance_demo_part02.zip","figures_acceptance_demo","验收演示原始动图与设置图","2","18","73.82","72.47","11.89"
"archives/raw_results_20260613/figures_acceptance_demo_part03.zip","figures_acceptance_demo_part03.zip","https://github.com/yangyangaaaaaa/Undergraduate-Graduation-Project/releases/download/raw-results-20260613/figures_acceptance_demo_part03.zip","figures_acceptance_demo","验收演示原始动图与设置图","3","14","76.96","75.55","18.42"
"archives/raw_results_20260613/figures_acceptance_demo_part04.zip","figures_acceptance_demo_part04.zip","https://github.com/yangyangaaaaaa/Undergraduate-Graduation-Project/releases/download/raw-results-20260613/figures_acceptance_demo_part04.zip","figures_acceptance_demo","验收演示原始动图与设置图","4","7","23.97","23.74","8.71"
"archives/raw_results_20260613/figures_defense_reward_training_stage_part01.zip","figures_defense_reward_training_stage_part01.zip","https://github.com/yangyangaaaaaa/Undergraduate-Graduation-Project/releases/download/raw-results-20260613/figures_defense_reward_training_stage_part01.zip","figures_defense_reward_training_stage","答辩奖励训练阶段原始图","1","26","34.93","32.82","3.03"
"archives/raw_results_20260613/figures_defense_reward_training_stage_part02.zip","figures_defense_reward_training_stage_part02.zip","https://github.com/yangyangaaaaaa/Undergraduate-Graduation-Project/releases/download/raw-results-20260613/figures_defense_reward_training_stage_part02.zip","figures_defense_reward_training_stage","答辩奖励训练阶段原始图","2","15","32.73","28.73","3.16"
"archives/raw_results_20260613/figures_defense_reward_training_stage_part03.zip","figures_defense_reward_training_stage_part03.zip","https://github.com/yangyangaaaaaa/Undergraduate-Graduation-Project/releases/download/raw-results-20260613/figures_defense_reward_training_stage_part03.zip","figures_defense_reward_training_stage","答辩奖励训练阶段原始图","3","15","34.34","30.69","3.2"
"archives/raw_results_20260613/figures_defense_reward_training_stage_part04.zip","figures_defense_reward_training_stage_part04.zip","https://github.com/yangyangaaaaaa/Undergraduate-Graduation-Project/releases/download/raw-results-20260613/figures_defense_reward_training_stage_part04.zip","figures_defense_reward_training_stage","答辩奖励训练阶段原始图","4","14","30.49","26.99","3.16"
"archives/raw_results_20260613/figures_defense_reward_training_stage_part05.zip","figures_defense_reward_training_stage_part05.zip","https://github.com/yangyangaaaaaa/Undergraduate-Graduation-Project/releases/download/raw-results-20260613/figures_defense_reward_training_stage_part05.zip","figures_defense_reward_training_stage","答辩奖励训练阶段原始图","5","5","32.26","29.07","6.45"
"archives/raw_results_20260613/figures_defense_reward_training_stage_part06.zip","figures_defense_reward_training_stage_part06.zip","https://github.com/yangyangaaaaaa/Undergraduate-Graduation-Project/releases/download/raw-results-20260613/figures_defense_reward_training_stage_part06.zip","figures_defense_reward_training_stage","答辩奖励训练阶段原始图","6","5","32.26","26.57","6.45"
"archives/raw_results_20260613/figures_defense_reward_training_stage_part07.zip","figures_defense_reward_training_stage_part07.zip","https://github.com/yangyangaaaaaa/Undergraduate-Graduation-Project/releases/download/raw-results-20260613/figures_defense_reward_training_stage_part07.zip","figures_defense_reward_training_stage","答辩奖励训练阶段原始图","7","5","32.26","22.74","6.45"
"archives/raw_results_20260613/figures_defense_reward_training_stage_part08.zip","figures_defense_reward_training_stage_part08.zip","https://github.com/yangyangaaaaaa/Undergraduate-Graduation-Project/releases/download/raw-results-20260613/figures_defense_reward_training_stage_part08.zip","figures_defense_reward_training_stage","答辩奖励训练阶段原始图","8","5","32.26","28.99","6.45"
"archives/raw_results_20260613/figures_defense_reward_training_stage_part09.zip","figures_defense_reward_training_stage_part09.zip","https://github.com/yangyangaaaaaa/Undergraduate-Graduation-Project/releases/download/raw-results-20260613/figures_defense_reward_training_stage_part09.zip","figures_defense_reward_training_stage","答辩奖励训练阶段原始图","9","5","32.26","28.84","6.45"
"archives/raw_results_20260613/figures_defense_reward_training_stage_part10.zip","figures_defense_reward_training_stage_part10.zip","https://github.com/yangyangaaaaaa/Undergraduate-Graduation-Project/releases/download/raw-results-20260613/figures_defense_reward_training_stage_part10.zip","figures_defense_reward_training_stage","答辩奖励训练阶段原始图","10","5","32.26","20.23","6.45"
"archives/raw_results_20260613/figures_defense_reward_training_stage_part11.zip","figures_defense_reward_training_stage_part11.zip","https://github.com/yangyangaaaaaa/Undergraduate-Graduation-Project/releases/download/raw-results-20260613/figures_defense_reward_training_stage_part11.zip","figures_defense_reward_training_stage","答辩奖励训练阶段原始图","11","16","29.2","27.61","5.25"
"archives/raw_results_20260613/figures_defense_reward_training_stage_part12.zip","figures_defense_reward_training_stage_part12.zip","https://github.com/yangyangaaaaaa/Undergraduate-Graduation-Project/releases/download/raw-results-20260613/figures_defense_reward_training_stage_part12.zip","figures_defense_reward_training_stage","答辩奖励训练阶段原始图","12","8","31.54","29.75","6.8"
"archives/raw_results_20260613/figures_defense_reward_training_stage_part13.zip","figures_defense_reward_training_stage_part13.zip","https://github.com/yangyangaaaaaa/Undergraduate-Graduation-Project/releases/download/raw-results-20260613/figures_defense_reward_training_stage_part13.zip","figures_defense_reward_training_stage","答辩奖励训练阶段原始图","13","8","32.92","31.11","6.77"
"archives/raw_results_20260613/figures_defense_reward_training_stage_part14.zip","figures_defense_reward_training_stage_part14.zip","https://github.com/yangyangaaaaaa/Undergraduate-Graduation-Project/releases/download/raw-results-20260613/figures_defense_reward_training_stage_part14.zip","figures_defense_reward_training_stage","答辩奖励训练阶段原始图","14","14","34.97","32.96","6.72"
"archives/raw_results_20260613/figures_defense_reward_training_stage_part15.zip","figures_defense_reward_training_stage_part15.zip","https://github.com/yangyangaaaaaa/Undergraduate-Graduation-Project/releases/download/raw-results-20260613/figures_defense_reward_training_stage_part15.zip","figures_defense_reward_training_stage","答辩奖励训练阶段原始图","15","45","34.18","32.4","3.42"
"archives/raw_results_20260613/figures_defense_reward_training_stage_part16.zip","figures_defense_reward_training_stage_part16.zip","https://github.com/yangyangaaaaaa/Undergraduate-Graduation-Project/releases/download/raw-results-20260613/figures_defense_reward_training_stage_part16.zip","figures_defense_reward_training_stage","答辩奖励训练阶段原始图","16","13","25.95","25.91","2.92"
"archives/raw_results_20260613/figures_ppt_candidate_pack_20260606_part01.zip","figures_ppt_candidate_pack_20260606_part01.zip","https://github.com/yangyangaaaaaa/Undergraduate-Graduation-Project/releases/download/raw-results-20260613/figures_ppt_candidate_pack_20260606_part01.zip","figures_ppt_candidate_pack_20260606","PPT 候选素材包","1","9","33.83","33.63","12.6"
"archives/raw_results_20260613/figures_ppt_candidate_pack_20260606_part02.zip","figures_ppt_candidate_pack_20260606_part02.zip","https://github.com/yangyangaaaaaa/Undergraduate-Graduation-Project/releases/download/raw-results-20260613/figures_ppt_candidate_pack_20260606_part02.zip","figures_ppt_candidate_pack_20260606","PPT 候选素材包","2","9","28.64","28.49","6.35"
"archives/raw_results_20260613/figures_ppt_candidate_pack_20260606_part03.zip","figures_ppt_candidate_pack_20260606_part03.zip","https://github.com/yangyangaaaaaa/Undergraduate-Graduation-Project/releases/download/raw-results-20260613/figures_ppt_candidate_pack_20260606_part03.zip","figures_ppt_candidate_pack_20260606","PPT 候选素材包","3","6","33.69","33.18","11.31"
"archives/raw_results_20260613/figures_ppt_candidate_pack_20260606_part04.zip","figures_ppt_candidate_pack_20260606_part04.zip","https://github.com/yangyangaaaaaa/Undergraduate-Graduation-Project/releases/download/raw-results-20260613/figures_ppt_candidate_pack_20260606_part04.zip","figures_ppt_candidate_pack_20260606","PPT 候选素材包","4","5","30.28","29.6","12.05"
"archives/raw_results_20260613/figures_ppt_candidate_pack_20260606_part05.zip","figures_ppt_candidate_pack_20260606_part05.zip","https://github.com/yangyangaaaaaa/Undergraduate-Graduation-Project/releases/download/raw-results-20260613/figures_ppt_candidate_pack_20260606_part05.zip","figures_ppt_candidate_pack_20260606","PPT 候选素材包","5","7","34.6","33.99","9.19"
"archives/raw_results_20260613/figures_ppt_candidate_pack_20260606_part06.zip","figures_ppt_candidate_pack_20260606_part06.zip","https://github.com/yangyangaaaaaa/Undergraduate-Graduation-Project/releases/download/raw-results-20260613/figures_ppt_candidate_pack_20260606_part06.zip","figures_ppt_candidate_pack_20260606","PPT 候选素材包","6","5","34.2","33.68","14.69"
"archives/raw_results_20260613/figures_ppt_candidate_pack_20260606_part07.zip","figures_ppt_candidate_pack_20260606_part07.zip","https://github.com/yangyangaaaaaa/Undergraduate-Graduation-Project/releases/download/raw-results-20260613/figures_ppt_candidate_pack_20260606_part07.zip","figures_ppt_candidate_pack_20260606","PPT 候选素材包","7","10","32.57","31.96","18.42"
"archives/raw_results_20260613/figures_ppt_candidate_pack_20260606_part08.zip","figures_ppt_candidate_pack_20260606_part08.zip","https://github.com/yangyangaaaaaa/Undergraduate-Graduation-Project/releases/download/raw-results-20260613/figures_ppt_candidate_pack_20260606_part08.zip","figures_ppt_candidate_pack_20260606","PPT 候选素材包","8","26","34.94","34.05","4.07"
"archives/raw_results_20260613/figures_ppt_candidate_pack_20260606_part09.zip","figures_ppt_candidate_pack_20260606_part09.zip","https://github.com/yangyangaaaaaa/Undergraduate-Graduation-Project/releases/download/raw-results-20260613/figures_ppt_candidate_pack_20260606_part09.zip","figures_ppt_candidate_pack_20260606","PPT 候选素材包","9","14","29.57","29.24","6.8"
"archives/raw_results_20260613/figures_ppt_candidate_pack_20260606_part10.zip","figures_ppt_candidate_pack_20260606_part10.zip","https://github.com/yangyangaaaaaa/Undergraduate-Graduation-Project/releases/download/raw-results-20260613/figures_ppt_candidate_pack_20260606_part10.zip","figures_ppt_candidate_pack_20260606","PPT 候选素材包","10","12","34.78","34.09","6.77"
"archives/raw_results_20260613/figures_ppt_candidate_pack_20260606_part11.zip","figures_ppt_candidate_pack_20260606_part11.zip","https://github.com/yangyangaaaaaa/Undergraduate-Graduation-Project/releases/download/raw-results-20260613/figures_ppt_candidate_pack_20260606_part11.zip","figures_ppt_candidate_pack_20260606","PPT 候选素材包","11","29","30.33","29.28","4.83"
"archives/raw_results_20260613/figures_showcase_part01.zip","figures_showcase_part01.zip","https://github.com/yangyangaaaaaa/Undergraduate-Graduation-Project/releases/download/raw-results-20260613/figures_showcase_part01.zip","figures_showcase","展示图与补充可视化","1","17","33.17","32.86","12.6"
"archives/raw_results_20260613/figures_showcase_part02.zip","figures_showcase_part02.zip","https://github.com/yangyangaaaaaa/Undergraduate-Graduation-Project/releases/download/raw-results-20260613/figures_showcase_part02.zip","figures_showcase","展示图与补充可视化","2","32","34.35","33.59","4.82"
"archives/raw_results_20260613/figures_showcase_part03.zip","figures_showcase_part03.zip","https://github.com/yangyangaaaaaa/Undergraduate-Graduation-Project/releases/download/raw-results-20260613/figures_showcase_part03.zip","figures_showcase","展示图与补充可视化","3","36","34.81","33.38","4.07"
"archives/raw_results_20260613/figures_showcase_part04.zip","figures_showcase_part04.zip","https://github.com/yangyangaaaaaa/Undergraduate-Graduation-Project/releases/download/raw-results-20260613/figures_showcase_part04.zip","figures_showcase","展示图与补充可视化","4","16","33.5","32.87","2.82"
"archives/raw_results_20260613/figures_showcase_part05.zip","figures_showcase_part05.zip","https://github.com/yangyangaaaaaa/Undergraduate-Graduation-Project/releases/download/raw-results-20260613/figures_showcase_part05.zip","figures_showcase","展示图与补充可视化","5","23","33.92","33.56","2.87"
"archives/raw_results_20260613/figures_showcase_part06.zip","figures_showcase_part06.zip","https://github.com/yangyangaaaaaa/Undergraduate-Graduation-Project/releases/download/raw-results-20260613/figures_showcase_part06.zip","figures_showcase","展示图与补充可视化","6","18","32.34","32.14","4.77"
"archives/raw_results_20260613/figures_chapter2_dataset_part01.zip","figures_chapter2_dataset_part01.zip","https://github.com/yangyangaaaaaa/Undergraduate-Graduation-Project/releases/download/raw-results-20260613/figures_chapter2_dataset_part01.zip","figures_chapter2_dataset","第二章数据集与搜索区域素材","1","6","13.84","13.46","8.28"
"archives/raw_results_20260613/figures_chapter2_dataset_part02.zip","figures_chapter2_dataset_part02.zip","https://github.com/yangyangaaaaaa/Undergraduate-Graduation-Project/releases/download/raw-results-20260613/figures_chapter2_dataset_part02.zip","figures_chapter2_dataset","第二章数据集与搜索区域素材","2","1","65.5","65.52","65.5"
"archives/raw_results_20260613/figures_chapter2_dataset_part03.zip","figures_chapter2_dataset_part03.zip","https://github.com/yangyangaaaaaa/Undergraduate-Graduation-Project/releases/download/raw-results-20260613/figures_chapter2_dataset_part03.zip","figures_chapter2_dataset","第二章数据集与搜索区域素材","3","11","34.34","34.06","13.4"
"archives/raw_results_20260613/figures_chapter2_dataset_part04.zip","figures_chapter2_dataset_part04.zip","https://github.com/yangyangaaaaaa/Undergraduate-Graduation-Project/releases/download/raw-results-20260613/figures_chapter2_dataset_part04.zip","figures_chapter2_dataset","第二章数据集与搜索区域素材","4","18","31.7","31.44","10.74"
"archives/raw_results_20260613/figures_chapter2_dataset_part05.zip","figures_chapter2_dataset_part05.zip","https://github.com/yangyangaaaaaa/Undergraduate-Graduation-Project/releases/download/raw-results-20260613/figures_chapter2_dataset_part05.zip","figures_chapter2_dataset","第二章数据集与搜索区域素材","5","5","17.59","17.59","5.26"
"archives/raw_results_20260613/figures_chapter4_trajectories_part01.zip","figures_chapter4_trajectories_part01.zip","https://github.com/yangyangaaaaaa/Undergraduate-Graduation-Project/releases/download/raw-results-20260613/figures_chapter4_trajectories_part01.zip","figures_chapter4_trajectories","第四章典型轨迹图","1","6","44.79","38.2","16.79"
"archives/raw_results_20260613/figures_defense_reward_trends_part01.zip","figures_defense_reward_trends_part01.zip","https://github.com/yangyangaaaaaa/Undergraduate-Graduation-Project/releases/download/raw-results-20260613/figures_defense_reward_trends_part01.zip","figures_defense_reward_trends","答辩奖励趋势图","1","18","8.13","6.57","1.23"
"archives/raw_results_20260613/reports_tables_logs_tools_part01.zip","reports_tables_logs_tools_part01.zip","https://github.com/yangyangaaaaaa/Undergraduate-Graduation-Project/releases/download/raw-results-20260613/reports_tables_logs_tools_part01.zip","reports_tables_logs_tools","实验报告、表格、训练日志和离线分析脚本","1","241","21.12","3.69","13.59"
