mode,grid,budget,method,method_key,distance,success_ratio,sg_mean,output_path
full,8x8,24,GOMAA-Geo,gomaa,10,0.48,2.26,/root/geoexplorer/analysis/pipeline_20260521_ultra_long_grid_stress_v2/raw/full/grid8/gomaa/masa_aerial_grid8.json
full,8x8,24,GOMAA-Geo,gomaa,11,0.525,1.805,/root/geoexplorer/analysis/pipeline_20260521_ultra_long_grid_stress_v2/raw/full/grid8/gomaa/masa_aerial_grid8.json
full,8x8,24,GOMAA-Geo,gomaa,12,0.7,1.23,/root/geoexplorer/analysis/pipeline_20260521_ultra_long_grid_stress_v2/raw/full/grid8/gomaa/masa_aerial_grid8.json
full,8x8,24,GOMAA-Geo,gomaa,13,0.87,0.48,/root/geoexplorer/analysis/pipeline_20260521_ultra_long_grid_stress_v2/raw/full/grid8/gomaa/masa_aerial_grid8.json
full,8x8,24,GOMAA-Geo,gomaa,14,0.82,0.95,/root/geoexplorer/analysis/pipeline_20260521_ultra_long_grid_stress_v2/raw/full/grid8/gomaa/masa_aerial_grid8.json
full,8x8,24,GeoExplorer,pristine,10,0.385,3.19,/root/geoexplorer/analysis/pipeline_20260521_ultra_long_grid_stress_v2/raw/full/grid8/pristine/masa_aerial_grid8.json
full,8x8,24,GeoExplorer,pristine,11,0.385,3.055,/root/geoexplorer/analysis/pipeline_20260521_ultra_long_grid_stress_v2/raw/full/grid8/pristine/masa_aerial_grid8.json
full,8x8,24,GeoExplorer,pristine,12,0.34,3.13,/root/geoexplorer/analysis/pipeline_20260521_ultra_long_grid_stress_v2/raw/full/grid8/pristine/masa_aerial_grid8.json
full,8x8,24,GeoExplorer,pristine,13,0.415,3.035,/root/geoexplorer/analysis/pipeline_20260521_ultra_long_grid_stress_v2/raw/full/grid8/pristine/masa_aerial_grid8.json
full,8x8,24,GeoExplorer,pristine,14,0.315,2.82,/root/geoexplorer/analysis/pipeline_20260521_ultra_long_grid_stress_v2/raw/full/grid8/pristine/masa_aerial_grid8.json
full,8x8,24,本文方法,anchor0624,10,0.51,1.72,/root/geoexplorer/analysis/pipeline_20260521_ultra_long_grid_stress_v2/raw/full/grid8/anchor0624/masa_aerial_grid8.json
full,8x8,24,本文方法,anchor0624,11,0.66,1.05,/root/geoexplorer/analysis/pipeline_20260521_ultra_long_grid_stress_v2/raw/full/grid8/anchor0624/masa_aerial_grid8.json
full,8x8,24,本文方法,anchor0624,12,0.79,0.63,/root/geoexplorer/analysis/pipeline_20260521_ultra_long_grid_stress_v2/raw/full/grid8/anchor0624/masa_aerial_grid8.json
full,8x8,24,本文方法,anchor0624,13,0.845,0.525,/root/geoexplorer/analysis/pipeline_20260521_ultra_long_grid_stress_v2/raw/full/grid8/anchor0624/masa_aerial_grid8.json
full,8x8,24,本文方法,anchor0624,14,0.925,0.37,/root/geoexplorer/analysis/pipeline_20260521_ultra_long_grid_stress_v2/raw/full/grid8/anchor0624/masa_aerial_grid8.json
full,10x10,32,GOMAA-Geo,gomaa,14,0.535,2.35,/root/geoexplorer/analysis/pipeline_20260521_ultra_long_grid_stress_v2/raw/full/grid10/gomaa/masa_aerial_grid10.json
full,10x10,32,GOMAA-Geo,gomaa,15,0.475,2.175,/root/geoexplorer/analysis/pipeline_20260521_ultra_long_grid_stress_v2/raw/full/grid10/gomaa/masa_aerial_grid10.json
full,10x10,32,GOMAA-Geo,gomaa,16,0.625,1.66,/root/geoexplorer/analysis/pipeline_20260521_ultra_long_grid_stress_v2/raw/full/grid10/gomaa/masa_aerial_grid10.json
full,10x10,32,GOMAA-Geo,gomaa,17,0.75,1.43,/root/geoexplorer/analysis/pipeline_20260521_ultra_long_grid_stress_v2/raw/full/grid10/gomaa/masa_aerial_grid10.json
full,10x10,32,GOMAA-Geo,gomaa,18,0.76,1.39,/root/geoexplorer/analysis/pipeline_20260521_ultra_long_grid_stress_v2/raw/full/grid10/gomaa/masa_aerial_grid10.json
full,10x10,32,GeoExplorer,pristine,14,0.335,4.34,/root/geoexplorer/analysis/pipeline_20260521_ultra_long_grid_stress_v2/raw/full/grid10/pristine/masa_aerial_grid10.json
full,10x10,32,GeoExplorer,pristine,15,0.385,4.225,/root/geoexplorer/analysis/pipeline_20260521_ultra_long_grid_stress_v2/raw/full/grid10/pristine/masa_aerial_grid10.json
full,10x10,32,GeoExplorer,pristine,16,0.335,4.29,/root/geoexplorer/analysis/pipeline_20260521_ultra_long_grid_stress_v2/raw/full/grid10/pristine/masa_aerial_grid10.json
full,10x10,32,GeoExplorer,pristine,17,0.22,5.7,/root/geoexplorer/analysis/pipeline_20260521_ultra_long_grid_stress_v2/raw/full/grid10/pristine/masa_aerial_grid10.json
full,10x10,32,GeoExplorer,pristine,18,0.225,4.83,/root/geoexplorer/analysis/pipeline_20260521_ultra_long_grid_stress_v2/raw/full/grid10/pristine/masa_aerial_grid10.json
full,10x10,32,本文方法,anchor0624,14,0.54,1.58,/root/geoexplorer/analysis/pipeline_20260521_ultra_long_grid_stress_v2/raw/full/grid10/anchor0624/masa_aerial_grid10.json
full,10x10,32,本文方法,anchor0624,15,0.675,0.795,/root/geoexplorer/analysis/pipeline_20260521_ultra_long_grid_stress_v2/raw/full/grid10/anchor0624/masa_aerial_grid10.json
full,10x10,32,本文方法,anchor0624,16,0.755,0.71,/root/geoexplorer/analysis/pipeline_20260521_ultra_long_grid_stress_v2/raw/full/grid10/anchor0624/masa_aerial_grid10.json
full,10x10,32,本文方法,anchor0624,17,0.885,0.365,/root/geoexplorer/analysis/pipeline_20260521_ultra_long_grid_stress_v2/raw/full/grid10/anchor0624/masa_aerial_grid10.json
full,10x10,32,本文方法,anchor0624,18,0.885,0.23,/root/geoexplorer/analysis/pipeline_20260521_ultra_long_grid_stress_v2/raw/full/grid10/anchor0624/masa_aerial_grid10.json
