method,benchmark,trials,success,sr,sr_ci_low,sr_ci_high,sg,d4_sr,d5_sr,d6_sr,d7_sr,d8_sr,output_source
GeoExplorer-anchor0624,masa_aerial,250,147,0.588,0.5261038843001785,0.6472325585838877,1.144,0.2,0.34,0.64,0.82,0.94,F:\bishe\GeoExplorer\analysis\pipeline_20260516_paper_baseline_compare\anchor0624\masa_aerial.json
GeoExplorer-anchor0624,mmgag_aerial,1175,725,0.6170212765957447,0.5888871326283817,0.6443927244787989,1.166808510638298,0.2680851063829787,0.3702127659574468,0.6808510638297872,0.8425531914893617,0.9234042553191489,F:\bishe\GeoExplorer\analysis\pipeline_20260516_paper_baseline_compare\anchor0624\mmgag_aerial.json
GeoExplorer-anchor0624,mmgag_ground,1175,751,0.6391489361702127,0.6112764052748243,0.6661145520853502,1.1055319148936171,0.2765957446808511,0.44680851063829785,0.6510638297872341,0.9106382978723404,0.9106382978723404,F:\bishe\GeoExplorer\analysis\pipeline_20260516_paper_baseline_compare\anchor0624\mmgag_ground.json
GeoExplorer-anchor0624,mmgag_text,1175,734,0.6246808510638298,0.5966302980913708,0.6519187860264614,1.1174468085106384,0.2680851063829787,0.4297872340425532,0.6595744680851063,0.851063829787234,0.9148936170212766,F:\bishe\GeoExplorer\analysis\pipeline_20260516_paper_baseline_compare\anchor0624\mmgag_text.json
GeoExplorer-anchor0624,swissview100_aerial,2500,1443,0.5772,0.5577310871980288,0.5964320196055326,1.3444,0.284,0.41,0.612,0.772,0.808,F:\bishe\GeoExplorer\analysis\pipeline_20260516_paper_baseline_compare\anchor0624\swissview100_aerial.json
GeoExplorer-anchor0624,swissviewmonuments_aerial,1275,645,0.5058823529411764,0.478462337444856,0.5332670276305371,1.516078431372549,0.31733333333333336,0.38333333333333336,0.64,0.8055555555555556,0.85,F:\bishe\GeoExplorer\analysis\pipeline_20260516_paper_baseline_compare\anchor0624\swissviewmonuments_aerial.json
GeoExplorer-anchor0624,swissviewmonuments_ground,1275,637,0.4996078431372549,0.4722047936196622,0.527013248708645,1.5388235294117647,0.30933333333333335,0.3861111111111111,0.6366666666666667,0.7722222222222223,0.8666666666666667,F:\bishe\GeoExplorer\analysis\pipeline_20260516_paper_baseline_compare\anchor0624\swissviewmonuments_ground.json
GeoExplorer-anchor0624,xbd_disaster_aerial,20000,11712,0.5856,0.5787568577099105,0.5924102645092537,1.2839,0.28925,0.3965,0.607,0.7895,0.84575,F:\bishe\GeoExplorer\analysis\pipeline_20260516_paper_baseline_compare\anchor0624\xbd_disaster_aerial.json
GeoExplorer-anchor0624,xbd_pre_aerial,20000,11703,0.58515,0.5783058636582142,0.5919614313997509,1.2922,0.28875,0.3955,0.6035,0.8015,0.8365,F:\bishe\GeoExplorer\analysis\pipeline_20260516_paper_baseline_compare\anchor0624\xbd_pre_aerial.json
DiT-AGL,masa_aerial,250,9,0.036,0.019053062687361854,0.06699114756028864,3.592,0.12,0.04,0.02,0.0,0.0,F:\bishe\GeoExplorer\analysis\pipeline_20260516_paper_baseline_compare\dit\masa_aerial.json
DiT-AGL,mmgag_aerial,1175,23,0.01957446808510638,0.0130783374678997,0.02920181280843937,3.6748936170212767,0.08085106382978724,0.01702127659574468,0.0,0.0,0.0,F:\bishe\GeoExplorer\analysis\pipeline_20260516_paper_baseline_compare\dit\mmgag_aerial.json
DiT-AGL,xbd_disaster_aerial,20000,298,0.0149,0.013311647196942025,0.01667467303066866,3.81035,0.05525,0.01825,0.001,0.0,0.0,F:\bishe\GeoExplorer\analysis\pipeline_20260516_paper_baseline_compare\dit\xbd_disaster_aerial.json
DiT-AGL,xbd_pre_aerial,20000,262,0.0131,0.011615040845196413,0.014771970737618764,3.81155,0.0485,0.01675,0.00025,0.0,0.0,F:\bishe\GeoExplorer\analysis\pipeline_20260516_paper_baseline_compare\dit\xbd_pre_aerial.json
GOMAA-Geo,masa_aerial,250,141,0.564,0.5020198636060832,0.6240430039459649,1.36,0.4,0.42,0.62,0.66,0.72,F:\bishe\GeoExplorer\analysis\pipeline_20260516_paper_baseline_compare\gomaa\masa_aerial.json
GOMAA-Geo,mmgag_aerial,1175,627,0.5336170212765957,0.505028929045712,0.5619860117232598,1.4646808510638298,0.3574468085106383,0.3872340425531915,0.5531914893617021,0.6297872340425532,0.7404255319148936,F:\bishe\GeoExplorer\analysis\pipeline_20260516_paper_baseline_compare\gomaa\mmgag_aerial.json
GOMAA-Geo,mmgag_ground,1175,649,0.5523404255319149,0.5237832484527509,0.5805564694533698,1.3429787234042554,0.34893617021276596,0.37446808510638296,0.5617021276595745,0.7063829787234043,0.7702127659574468,F:\bishe\GeoExplorer\analysis\pipeline_20260516_paper_baseline_compare\gomaa\mmgag_ground.json
GOMAA-Geo,mmgag_text,1175,643,0.5472340425531915,0.5186644301209975,0.5754958031113555,1.3940425531914893,0.3446808510638298,0.42127659574468085,0.574468085106383,0.6595744680851063,0.7361702127659574,F:\bishe\GeoExplorer\analysis\pipeline_20260516_paper_baseline_compare\gomaa\mmgag_text.json
GOMAA-Geo,swissview100_aerial,2500,1261,0.5044,0.4848090480772583,0.5239774502379706,1.5692,0.358,0.362,0.534,0.612,0.656,F:\bishe\GeoExplorer\analysis\pipeline_20260516_paper_baseline_compare\gomaa\swissview100_aerial.json
GOMAA-Geo,swissviewmonuments_aerial,1275,550,0.43137254901960786,0.4044330452233485,0.4587243622303973,1.6886274509803922,0.25866666666666666,0.37777777777777777,0.5633333333333334,0.5944444444444444,0.6833333333333333,F:\bishe\GeoExplorer\analysis\pipeline_20260516_paper_baseline_compare\gomaa\swissviewmonuments_aerial.json
GOMAA-Geo,swissviewmonuments_ground,1275,583,0.45725490196078433,0.4300790956000579,0.48468751818541805,1.5850980392156864,0.2986666666666667,0.39166666666666666,0.5733333333333334,0.6222222222222222,0.7666666666666667,F:\bishe\GeoExplorer\analysis\pipeline_20260516_paper_baseline_compare\gomaa\swissviewmonuments_ground.json
GOMAA-Geo,xbd_disaster_aerial,20000,10689,0.53445,0.5275308661499688,0.5413559020795896,1.4194,0.3265,0.4135,0.553,0.6645,0.71475,F:\bishe\GeoExplorer\analysis\pipeline_20260516_paper_baseline_compare\gomaa\xbd_disaster_aerial.json
GOMAA-Geo,xbd_pre_aerial,20000,10854,0.5427,0.5357881271823238,0.5495954723358806,1.41325,0.32925,0.42225,0.5585,0.6755,0.728,F:\bishe\GeoExplorer\analysis\pipeline_20260516_paper_baseline_compare\gomaa\xbd_pre_aerial.json
Random policy,masa_aerial,250,12,0.048,0.02766792620603601,0.08201307170762354,4.06,0.12,0.1,0.02,0.0,0.0,F:\bishe\GeoExplorer\analysis\pipeline_20260516_paper_baseline_compare\random\masa_aerial.json
Random policy,mmgag_aerial,1175,80,0.06808510638297872,0.05504444608620763,0.08394080859092626,3.9574468085106385,0.14468085106382977,0.09361702127659574,0.05531914893617021,0.01702127659574468,0.029787234042553193,F:\bishe\GeoExplorer\analysis\pipeline_20260516_paper_baseline_compare\random\mmgag_aerial.json
Random policy,xbd_disaster_aerial,20000,1322,0.0661,0.06273921419337618,0.06962744081952897,3.9239,0.152,0.0765,0.05975,0.0245,0.01775,F:\bishe\GeoExplorer\analysis\pipeline_20260516_paper_baseline_compare\random\xbd_disaster_aerial.json
Random policy,xbd_pre_aerial,20000,1322,0.0661,0.06273921419337618,0.06962744081952897,3.9239,0.152,0.0765,0.05975,0.0245,0.01775,F:\bishe\GeoExplorer\analysis\pipeline_20260516_paper_baseline_compare\random\xbd_pre_aerial.json
